stockRef,shape,color,clarity,lab,certiNo,treatment,weight,pricePerCts,discPerc,country,measurements,depthPerc,tablePerc,crownAngle,crownHeight,pavalionAngle,pavalionDepth,girdle,girdleThin,girdlePerc,girdleCondition,culetSize,culetCondition,polish,symmetry,fluorescenceIntensity,fluorescenceColor,fancyColor,fancyIntensity,fancyOvertone,pairStockRef,isMatchedPairSeparable,cutGrade,length,width,height,videoLink,certComment,keyToSymbols,certIssueDate,starLength,webLink,laserInscription,shade,Rap Price,lowerHalf,memberComment,blackcrown,blacktable,eyeclean,whitecrown,whitetable,handa,availability,cashDiscPrice,milky,enhancements,city,origin,cashDiscPerc,blackinclusion,identificationMarks,state,forTradeShow,CertiWebLink,LastCustomer,StoneLocation,CostPerCts,NotForWeb,T2A,Ratio,DeptCode,Stock Status
KGS57-9A,RD,H,VVS2,IGI,585335207,,1.51000,3549.00000,-61.00000,INDIA,7.45-7.48x4.43,59.40,59.00,32.40,13.00,40.80,43.00,MED,Medium,0.00,Faceted,,Pointed,EX,EX,VERY SLIGHT,,,,,,,EX,7.48,7.45,4.43,,,,26/06/2023 12:00:00 AM,0.00,,False,None,9100.00000,0.00,,,,Yes,,,,A,,None,,,,,,,,,https://www.igi.org/verify.php?r=585335207,,INDIA,5141.05960,False,,1.004,,A
DIN-101-2A,EM,N,SI1,IGI,680519116,,9.03000,6000.00000,-29.41176,INDIA,14.82x9.65x6.51,67.50,69.00,26.60,10.00,44.80,54.00,MED,Medium,0.00,,LONG,,EX,EX,NONE,,,,,,,VERY GOOD,14.82,9.65,6.51,,,,04/02/2025 12:00:00 AM,,,True,None,0.00000,0.00,,,,No,,,,A,,None,,,,,,,,,https://www.igi.org/verify.php?r=680519116,,INDIA,8500.00000,False,,1.536,,A
DIN-101-2,EM,L,VVS2,HRD,250000015790,,8.08000,7020.00000,-48.00000,INDIA,14.17x9.34x6.32,67.70,68.00,0.00,11.00,0.00,54.00,THN,Thin,2.50,Polished,,Linear,EX,EX,nil,,,,,,,,14.17,9.34,6.32,,The stone in accordance with the mentioned number has been identified as a natural gem diamond.,,27/01/2025 12:00:00 AM,0.00,,True,None,13500.00000,0.00,,,,Yes,,,,A,,None,,,,,,,,,"https://my.hrdantwerp.com/?id,34&record_number=250000015790",,INDIA,7425.00000,False,,1.517,,A
DIN-101-1B,EM,G,IF,GIA,2486098235,,1.53000,5341.00000,-51.00000,INDIA,8.01x5.57x3.44,61.60,64.00,0.00,0.00,0.00,0.00,MED,Medium,0.00,Polished,None,None,EX,EX,FAINT,,,,,,,,8.01,5.57,3.44,,Minor details of polish are not shown.,,21/11/2023 12:00:00 AM,0.00,,True,None,10900.00000,0.00,,,,Yes,,,,A,,None,,,,,,,,,https://www.gia.edu/report-check?reportno=2486098235,,INDIA,5700.00000,False,,1.438,,A
DIN-98-1045A,EM,D,VVS2,GIA,2484242895,,0.50000,1512.00000,-46.00000,INDIA,5.58x3.73x2.33,62.50,69.00,0.00,0.00,0.00,0.00,Very Thick,,0.00,Polished,None,None,EX,EX,NONE,,,,,,,,5.58,3.73,2.33,,Cloud,Cloud,29/12/2023 12:00:00 AM,0.00,,True,None,2800.00000,0.00,,,,Yes,,,,M,,None,,,,,,,,,https://www.gia.edu/report-check?reportno=2484242895,R2NET_SEGOMA,INDIA,1485.00000,False,,1.496,,M
DIN-101-4A,RAD,ST,SI1,GIA,1483404423,,1.00000,1300.00000,-27.77778,INDIA,6.53x5.26x3.44,65.40,75.00,0.00,0.00,0.00,0.00,MED to VTK,Medium,0.00,Polished,None,None,EX,Very Good,NONE,,,,,,,-,6.53,5.26,3.44,,Additional pinpoints are not shown.,"Feather, Cloud, Needle, Pinpoint",22/08/2024 12:00:00 AM,0.00,,True,None,1800.00000,0.00,,,,Yes,,,,A,,None,,,,,,,,,https://www.gia.edu/report-check?reportno=1483404423,,INDIA,1399.92000,False,,1.241,,A
DIN-107-23B,PS,I,VS2,IGI,617465593,,1.56000,2772.00000,-56.00000,INDIA,10.47x6.39x3.86,60.40,59.00,37.50,16.00,35.70,40.00,Slightly Thick,,0.00,Faceted,POINTED,Pointed,EX,EX,NONE,,,,,,,VERY GOOD,10.47,6.39,3.86,,,,06/02/2024 12:00:00 AM,0.00,,True,None,6300.00000,0.00,,,,Yes,,,,A,,None,,,,,,,,,https://www.igi.org/verify.php?r=617465593,,INDIA,3014.74359,False,,1.638,,A
DIN-107-23E,RD,I,SI2,GIA,6485651155,,0.50000,630.00000,-58.00000,INDIA,4.93-4.96x3.21,65.00,54.00,36.00,17.00,40.60,43.00,Slightly Thick to Thick,,5.50,Faceted,None,None,EX,Very Good,NONE,,,,,,,GD,4.96,4.93,3.21,,Crystal,Crystal,23/02/2024 12:00:00 AM,50.00,,True,None,1500.00000,75.00,,,,No,,,,A,,None,,,,,,,,,https://www.gia.edu/report-check?reportno=6485651155,,INDIA,912.00000,False,,1.006,,A
JSA04-5B,CMB,H,VS2,IGI,626409668,,1.01000,1596.00000,-62.00000,INDIA,6.36x5.63x3.71,65.90,62.00,,11.00,,49.00,Medium to Very Thick,Medium,0.00,Faceted,POINTED,N,EX,EX,NONE,,,,,,,VERY GOOD,6.36,5.63,3.71,,,,17/04/2024 12:00:00 AM,,,True,None,4200.00000,0.00,,,,Yes,,,,A,,None,,,,,,,,,https://www.igi.org/verify.php?r=626409668,,INDIA,0.00000,False,,1.130,,A
DIN-20-492,RD,J,SI2,IGI,341892743,,3.01000,3300.00000,-70.00000,INDIA,8.66-8.92x5.85,66.60,57.00,,18.00,,42.00,Medium to Very Thick,Medium,0.00,Faceted,POINTED,,EX,GD,NONE,,,,,,,GD,8.92,8.66,5.85,,,,24/10/2018 12:00:00 AM,,,True,MIX,11000.00000,0.00,,,,No,,,,M,,None,,,,,,,,,https://www.igi.org/verify.php?r=341892743,,INDIA,3104.00000,False,,1.030,,M
JSA04-5A,SQCS,K,VVS2,IGI,626409661,,3.02000,3570.00000,-66.00000,INDIA,8.20x8.01x5.28,65.90,64.00,,14.00,,45.00,Medium to Very Thick,Medium,0.00,Faceted,POINTED,N,EX,EX,NONE,,,,,,,VERY GOOD,8.20,8.01,5.28,,,,15/04/2024 12:00:00 AM,,,True,None,10500.00000,0.00,,,,Yes,,,,M,,None,,,,,,,,,https://www.igi.org/verify.php?r=626409661,,INDIA,0.00000,False,,1.024,,M
DIN-87-1008C,PSB,D,VVS2,GIA,6472479362,,1.02000,4180.00000,-45.00000,INDIA,8.80x5.59x3.50,62.60,60.00,0.00,0.00,0.00,0.00,Slightly Thick,,0.00,Faceted,None,None,EX,Very Good,NONE,,,,,,,,8.80,5.59,3.50,,"Additional twinning wisps, pinpoints, clouds and surface graining are not shown.","Twinning Wisp, Feather",31/08/2023 12:00:00 AM,0.00,,True,None,7600.00000,0.00,,,,Yes,,,,A,,None,,,,,,,,,https://www.gia.edu/report-check?reportno=6472479362,,INDIA,6298.00000,False,,1.574,,A
DIN-77-959B,RD,I,IF,GIA,5436905960,,0.35000,750.00000,-50.00000,INDIA,4.57-4.60x2.73,59.50,60.00,32.50,12.50,40.80,43.00,MED to THK,Medium,3.50,Faceted,None,None,EX,EX,NONE,,,,,,,VERY GOOD,4.60,4.57,2.73,,-,Minor Details Of Polish,04/07/2022 12:00:00 AM,50.00,,True,None,1500.00000,75.00,,,,Yes,,,,A,,None,,,,,,,,,https://www.gia.edu/report-check?reportno=5436905960,,INDIA,1178.00000,False,,1.007,,A
TSJSA002-001C,RD,I,VVS1,IGI,626403315,,0.90000,1591.00000,-63.00000,INDIA,6.21-6.25x3.72,59.70,61.00,,11.50,,43.50,MED to THK,Medium,0.00,Faceted,POINTED,N,EX,EX,NONE,,,,,,,VERY GOOD,6.25,6.21,3.72,,,,01/04/2024 12:00:00 AM,,,True,MIX,4300.00000,0.00,,,,Yes,,,,A,,None,,,,,,,,,https://www.igi.org/verify.php?r=626403315,,INDIA,0.00000,False,,1.006,,A
RJ-001B,HT,F,SI1,GIA,2487635411,,1.02000,2021.00000,-49.47500,INDIA,6.04x7.02x4.10,58.30,60.00,0.00,0.00,0.00,0.00,MED to VTK,Medium,0.00,Faceted,None,None,EX,EX,NONE,,,,,,,,6.04,7.02,4.10,,"Additional twinning wisps, clouds and surface graining are not shown.","Crystal, Twinning Wisp, Feather",22/02/2024 12:00:00 AM,0.00,,True,None,4000.00000,0.00,,,,Yes,,,,M,,None,,,,,,,,,https://www.gia.edu/report-check?reportno=2487635411,RISHAB DIAMOND,INDIA,2496.00000,False,,0.860,,M
H-2,EM,J,IF,HRD,240000233187,,8.02000,13000.00000,-48.00000,INDIA,13.04x9.30x6.25,67.20,63.00,0.00,13.00,0.00,49.50,MED,Medium,4.50,Polished,,Linear,EX,EX,nil,,,,,,,,13.04,9.30,6.25,,The stone in accordance with the mentioned number has been identified as a natural gem diamond.,,21/10/2024 12:00:00 AM,0.00,,True,None,25000.00000,0.00,,,,Yes,,,,M,,None,,,,,,,,,"https://my.hrdantwerp.com/?id,34&record_number=240000233187",,INDIA,25000.00000,False,,1.402,,M
DIN-67-917,RD,E,SI1,GIA,2416628911,,1.00000,2072.00000,-63.00000,INDIA,6.11-6.15x4.04,65.80,58.00,38.50,17.00,40.40,42.50,Slightly Thick,,6.50,Faceted,None,None,EX,Very Good,NONE,,,,,,,GD,6.15,6.11,4.04,,"Pinpoints, internal graining and surface graining are not shown.","Feather, Crystal, Indented Natural, Needle, Natural",17/12/2021 12:00:00 AM,50.00,,True,Brown,5600.00000,75.00,,,,No,,,,A,,None,,,,,,,,,https://www.gia.edu/report-check?reportno=2416628911,,INDIA,2646.00000,False,,1.007,,A
DIN-77-964A,PC,E,VVS1,GIA,6431896324,,0.47000,1248.00000,-48.00000,INDIA,4.44x4.30x3.04,70.60,74.00,0.00,0.00,0.00,0.00,MED to THK,Medium,0.00,Polished,None,None,EX,Very Good,NONE,,,,,,,,4.44,4.30,3.04,,"Pinpoint, Indented Natural, Feather","Pinpoint, Indented Natural, Feather",01/07/2022 12:00:00 AM,0.00,,True,None,2400.00000,0.00,,,,Yes,,,,A,,None,,,,,,,,,https://www.gia.edu/report-check?reportno=6431896324,,INDIA,1682.10638,False,,1.033,,A
DIN-94-1028D,RD,G,IF,GIA,2486294380,,0.55000,1760.00000,-45.00000,INDIA,5.25-5.29x3.27,62.10,57.00,33.50,14.00,41.60,44.50,MED to THK,Medium,3.50,Faceted,None,None,EX,EX,NONE,,,,,,,EX,5.29,5.25,3.27,,Minor Details Of Polish,Minor Details Of Polish,05/01/2024 12:00:00 AM,50.00,,True,None,3200.00000,80.00,,,,Yes,,,,A,,None,,,,,,,,,https://www.gia.edu/report-check?reportno=2486294380,,INDIA,2162.20000,False,,1.008,,A
WG-1-1B,RD,J,IF,GIA,7452879087,,1.30000,2795.00000,-35.00000,INDIA,6.99-7.03x4.31,61.50,60.00,32.50,12.50,41.80,44.50,Slightly Thick,,4.50,Faceted,None,None,EX,EX,FAINT,,,,,,,EX,7.03,6.99,4.31,,Minor details of polish are not shown.,Natural,22/02/2023 12:00:00 AM,50.00,,True,None,4300.00000,75.00,,,,Yes,,,,A,,None,,,,,,,,,https://www.gia.edu/report-check?reportno=7452879087,,INDIA,3380.00000,False,,1.006,,A
HTJSA05-3A,RD,K,VVS1,IGI,626409671,,3.01000,5400.00000,-60.00000,INDIA,9.12-9.19x5.81,63.40,57.00,,14.50,,44.50,MED to THK,Medium,0.00,Faceted,POINTED,N,EX,EX,VERY SLIGHT,,,,,,,EX,9.19,9.12,5.81,,,,15/04/2024 12:00:00 AM,,,True,MIX,13500.00000,0.00,,,,Yes,,,,M,,None,,,,,,,,,https://www.igi.org/verify.php?r=626409671,,INDIA,6750.00000,False,,1.008,,M
DIN-98-1046A,PSB,UV,VS2,GIA,6482082194,,0.70000,1050.00000,-25.00000,INDIA,8.18x4.97x2.82,56.60,60.00,0.00,0.00,0.00,0.00,Slightly Thick,,0.00,Faceted,None,None,EX,Very Good,NONE,,,,,,,,8.18,4.97,2.82,,Feather,Feather,04/12/2023 12:00:00 AM,0.00,,True,None,1400.00000,0.00,,,,Yes,,,,A,,None,,,,,,,,,https://www.gia.edu/report-check?reportno=6482082194,,INDIA,0.00000,False,,1.646,,A
ADI-2-3D,OV,D,SI2,GIA,2486346350,,1.01000,1950.00000,-50.00000,INDIA,8.21x5.70x3.25,57.00,63.00,0.00,0.00,0.00,0.00,Slightly Thick,,0.00,Faceted,None,None,EX,GD,NONE,,,,,,,,8.21,5.70,3.25,,Clouds are not shown.,"Crystal, Feather, Indented Natural, Cavity",12/01/2024 12:00:00 AM,0.00,,True,None,3900.00000,0.00,,,,Yes,,,,A,,None,,,,,,,,,https://www.gia.edu/report-check?reportno=2486346350,,INDIA,3463.89109,False,,1.440,,A
ADI-3-7A,PS,G,VS2,GIA,2484404415,,1.01000,2976.00000,-38.00000,INDIA,9.44x5.49x3.34,60.80,60.00,0.00,0.00,0.00,0.00,Slightly Thick to Thick,,0.00,Faceted,None,None,EX,EX,NONE,,,,,,,,9.44,5.49,3.34,,Pinpoints are not shown. Clouds are not shown.,"Crystal, Needle",23/01/2024 12:00:00 AM,0.00,,True,None,4800.00000,0.00,,,,Yes,,,,A,,None,,,,,,,,,https://www.gia.edu/report-check?reportno=2484404415,,INDIA,3773.94059,False,,1.719,,A
ADI-3-6A,PSB,D,IF,GIA,1483404395,,0.71000,2688.00000,-42.80851,INDIA,7.90x4.83x3.09,64.00,63.00,0.00,0.00,0.00,0.00,Slightly Thick,,0.00,Faceted,None,None,EX,Very Good,NONE,,,,,,,,7.90,4.83,3.09,,"Natural, Minor Details Of Polish","Natural, Minor Details Of Polish",23/01/2024 12:00:00 AM,0.00,,True,None,4700.00000,0.00,,,,Yes,,,,M,,None,,,,,,,,,https://www.gia.edu/report-check?reportno=1483404395,R2NET_SEGOMA,INDIA,17928.98592,False,,1.636,,M
ADI-4-8A,PS,E,VVS2,GIA,5486790521,,1.00000,3744.00000,-45.73913,INDIA,9.23x5.57x3.14,56.30,58.00,0.00,0.00,0.00,0.00,Very Thick,,0.00,Faceted,None,None,EX,Very Good,NONE,,,,,,,,9.23,5.57,3.14,,Surface graining is not shown.,Feather,13/03/2024 12:00:00 AM,0.00,,True,None,6900.00000,0.00,,,,Yes,,,,A,,None,,,,,,,,,https://www.gia.edu/report-check?reportno=5486790521,,INDIA,9496.40000,False,,1.657,,A
ADI-5-16,CMB,UV,SI2,GIA,2496175531,,3.00000,2900.00000,-36.95652,INDIA,10.22x6.90x4.72,68.40,62.00,0.00,0.00,0.00,0.00,ETK,,0.00,Faceted,None,None,EX,Very Good,NONE,,,,,,,,10.22,6.90,4.72,,Additional clouds are not shown. Pinpoints are not shown.,"Crystal, Cloud, Feather, Needle, Indented Natural, Natural",22/05/2024 12:00:00 AM,0.00,,True,None,4600.00000,0.00,,,,Yes,,,,A,,None,,,,,,,,,https://www.gia.edu/report-check?reportno=2496175531,,INDIA,766.37333,False,,1.481,,A
ADI-5-15,EM,E,VVS2,GIA,2486884704,,2.50000,11725.00000,-31.02941,INDIA,9.06x6.42x4.28,66.70,61.00,0.00,0.00,0.00,0.00,Thick,,0.00,Polished,None,None,EX,EX,NONE,,,,,,,,9.06,6.42,4.28,,,"Feather, Needle, Pinpoint",22/03/2024 12:00:00 AM,0.00,,True,None,17000.00000,0.00,,,,Yes,,,,M,,None,,,,,,,,,https://www.gia.edu/report-check?reportno=2486884704,NIVODA LLP,INDIA,4748.28000,False,,1.411,,M
ADI-5-12A,EM,M,VS1,GIA,7498298819,,1.00000,1200.00000,-40.00000,INDIA,7.22x4.79x3.12,65.20,69.00,0.00,0.00,0.00,0.00,MED to THK,Medium,0.00,Polished,None,None,EX,Very Good,NONE,,,,,,,,7.22,4.79,3.12,,,"Feather, Pinpoint",09/05/2024 12:00:00 AM,0.00,,True,None,2000.00000,0.00,,,,Yes,,,,A,,None,,,,,,,,,https://www.gia.edu/report-check?reportno=7498298819,,INDIA,1296.04000,False,,1.507,,A
ADI-6-22A,RD,H,SI1,GIA,1485996869,,1.02000,2376.00000,-46.00000,INDIA,6.47-6.52x3.97,61.20,59.00,32.00,13.00,41.80,44.50,MED to THK,Medium,4.00,Faceted,None,None,EX,EX,FAINT,,,,,,,EX,6.52,6.47,3.97,,,"Feather, Pinpoint",05/04/2024 12:00:00 AM,50.00,,True,None,4400.00000,80.00,,,,Yes,,,,A,,None,,,,,,,,,https://www.gia.edu/report-check?reportno=1485996869,,INDIA,3676.61765,False,,1.008,,A
ADI-6-21,EM,I,VS1,GIA,1489884647,,2.00000,4845.00000,-49.00000,INDIA,8.50x5.94x4.01,67.60,65.00,0.00,0.00,0.00,0.00,MED to THK,Medium,0.00,Polished,None,None,EX,EX,FAINT,,,,,,,,8.50,5.94,4.01,,Clouds are not shown. Pinpoints are not shown.,"Crystal, Needle, Natural",26/03/2024 12:00:00 AM,0.00,,True,None,9500.00000,0.00,,,,Yes,,,,A,,None,,,,,,,,,https://www.gia.edu/report-check?reportno=1489884647,,INDIA,3875.19500,False,,1.431,,A
ADI-6-27,CMB,F L Y,VS2,GIA,6492175598,,2.62000,3200.00000,0.00000,INDIA,7.66x7.36x4.95,67.30,59.00,0.00,0.00,0.00,0.00,Very Thick,,0.00,Faceted,None,None,EX,Very Good,NONE,,Yellow,Fancy Light,,,,,7.66,7.36,4.95,,Pinpoints are not shown.,"Crystal, Feather, Needle, Indented Natural, Cloud, Natural",23/05/2024 12:00:00 AM,0.00,,True,None,0.00000,0.00,,,,Yes,,,,A,,None,,,,,,,,,https://www.gia.edu/report-check?reportno=6492175598,,INDIA,1952.14885,False,,1.041,,A
C-21-5A,RD,K,VS2,IGI,632412850,,3.03000,4070.00000,-63.00000,INDIA,9.20-9.27x5.73,61.90,61.00,,13.50,,44.50,MED to THK,Medium,0.00,Faceted,POINTED,,EX,EX,NONE,,,,,,,EX,9.27,9.20,5.73,,,,21/05/2024 12:00:00 AM,,,True,None,11000.00000,0.00,,,,Yes,,,,M,,None,,,,,,,,,https://www.igi.org/verify.php?r=632412850,,INDIA,0.00000,False,,1.008,,M
ADI-9-50B,RD,E,VS2,GIA,3495960523,,0.70000,1760.00000,-45.00000,INDIA,5.70-5.72x3.52,61.60,57.00,33.00,14.00,41.40,44.00,MED to THK,Medium,3.50,Faceted,None,None,EX,EX,NONE,,,,,,,EX,5.72,5.70,3.52,,"Crystal, Feather","Crystal, Feather",19/07/2024 12:00:00 AM,50.00,,True,None,3200.00000,75.00,,,,Yes,,,,A,,None,,,,,,,,,https://www.gia.edu/report-check?reportno=3495960523,,INDIA,14146.01429,False,,1.004,,A
ADI-17-94A,RAD,D,VVS1,GIA,2506202404,,1.51000,6864.00000,-48.00000,INDIA,7.37x5.85x4.07,69.60,69.00,0.00,0.00,0.00,0.00,Slightly Thick,,0.00,Polished,None,None,EX,EX,NONE,,,,,,,,7.37,5.85,4.07,,,Pinpoint,16/08/2024 12:00:00 AM,0.00,,True,None,13200.00000,0.00,,,,Yes,,,,A,,None,,,,,,,,,https://www.gia.edu/report-check?reportno=2506202404,,INDIA,6100.07285,False,,1.260,,A
DIN-64-878A,EM,D,SI2,GIA,5393136602,,1.02000,1833.00000,-53.00000,INDIA,6.98x4.99x3.02,60.40,67.00,0.00,0.00,0.00,0.00,Very Thick,,0.00,,None,None,EX,EX,NONE,,,,,,,-,6.98,4.99,3.02,,,"Crystal, Pinpoint",23/06/2021 12:00:00 AM,0.00,,True,None,3900.00000,0.00,,,,No,,,,A,,None,,,,,,,,,https://www.gia.edu/report-check?reportno=5393136602,,INDIA,1680.00000,False,,1.399,,A
VISA266B,EM,N,VS1,GIA,7496340669,,1.00000,950.00000,0.00000,INDIA,7.17x4.80x2.80,58.40,63.00,0.00,0.00,0.00,0.00,MED to THK,Medium,0.00,Polished,None,None,EX,Very Good,FAINT,,,,,,,,7.17,4.80,2.80,,Surface graining is not shown.,Feather,15/05/2024 12:00:00 AM,0.00,,True,None,0.00000,0.00,,,,Yes,,,,A,,None,,,,,,,,,https://www.gia.edu/report-check?reportno=7496340669,,INDIA,0.00000,False,,1.494,,A
HTJSA4-3-1A,MQ,E,IF,GIA,2497078632,,1.00000,4920.00000,-40.00000,INDIA,10.89x5.21x3.12,59.80,60.00,0.00,0.00,0.00,0.00,MED to VTK,Medium,0.00,Faceted,None,None,EX,EX,NONE,,,,,,,-,10.89,5.21,3.12,,Minor details of polish are not shown.,,17/04/2024 12:00:00 AM,0.00,,True,None,8200.00000,0.00,,,,Yes,,,,A,,None,,,,,,,,,https://www.gia.edu/report-check?reportno=2497078632,,INDIA,0.00000,False,,2.090,,A
HTJSA04-10A,CMB,G,SI1,GIA,6492066442,,2.01000,4494.00000,-58.00000,INDIA,7.15x7.05x4.81,68.20,64.00,0.00,0.00,0.00,0.00,Thin to Slightly Thick,Thin,0.00,Faceted,None,None,EX,EX,NONE,,,,,,,-,7.15,7.05,4.81,,Additional clouds are not shown. Pinpoints are not shown.,"Cloud, Feather, Crystal",17/04/2024 12:00:00 AM,0.00,,True,None,10700.00000,0.00,,,,Yes,,,,A,,None,,,,,,,,,https://www.gia.edu/report-check?reportno=6492066442,,INDIA,0.00000,False,,1.014,,A
HTJSA04-4A,CMB,G,VS1,GIA,6491098610,,1.51000,3720.00000,-60.00000,INDIA,6.62x6.34x4.25,67.00,60.00,0.00,0.00,0.00,0.00,VTN to THK,Very Thin,0.00,Faceted,None,None,EX,EX,NONE,,,,,,,-,6.62,6.34,4.25,,,Feather,17/04/2024 12:00:00 AM,0.00,,True,None,9300.00000,0.00,,,,Yes,,,,A,,None,,,,,,,,,https://www.gia.edu/report-check?reportno=6491098610,,INDIA,0.00000,False,,1.044,,A
HTJSA4-2-1A,CMB,I,SI2,GIA,2498386993,,1.50000,1776.00000,-63.00000,INDIA,6.95x5.97x4.19,70.20,66.00,0.00,0.00,0.00,0.00,Very Thick,,0.00,Faceted,None,None,EX,Very Good,FAINT,,,,,,,-,6.95,5.97,4.19,,"Additional clouds, pinpoints and internal graining are not shown.","Feather, Crystal, Cloud, Needle",21/05/2024 12:00:00 AM,0.00,,True,None,4800.00000,0.00,,,,No,,,,A,,None,,,,,,,,,https://www.gia.edu/report-check?reportno=2498386993,,INDIA,0.00000,False,,1.164,,A
HTJSA4-4-17A,OVB,J,IF,GIA,7493062959,,1.06000,1880.00000,-53.00000,INDIA,8.49x5.62x3.49,62.10,58.00,0.00,0.00,0.00,0.00,MED to VTK,Medium,0.00,Faceted,None,None,EX,EX,Medium,Blue,,,,,,-,8.49,5.62,3.49,,Minor details of polish are not shown.,,15/04/2024 12:00:00 AM,0.00,,True,None,4000.00000,0.00,,,,Yes,,,,A,,None,,,,,,,,,https://www.gia.edu/report-check?reportno=7493062959,,INDIA,0.00000,False,,1.511,,A
DIN-112-41C,PSB,D,IF,GIA,6492957450,,0.80000,2256.00000,-52.00000,INDIA,8.78x5.35x2.92,54.70,61.00,0.00,0.00,0.00,0.00,Very Thick,,0.00,Faceted,None,None,EX,Very Good,Medium,Blue,,,,,,-,8.78,5.35,2.92,,Minor Details Of Polish,Minor Details Of Polish,19/07/2024 12:00:00 AM,0.00,,True,None,4700.00000,0.00,,,,Yes,,,,M,,None,,,,,,,,,https://www.gia.edu/report-check?reportno=6492957450,R2NET_SEGOMA,INDIA,2448.00000,False,,1.641,,M
DIN-100-1052B,PSB,D,VVS2,GIA,5496913900,,0.50000,1540.00000,-45.00000,INDIA,6.89x4.30x2.67,62.00,59.00,0.00,0.00,0.00,0.00,Very Thick,,0.00,Faceted,None,None,EX,Very Good,NONE,,,,,,,-,6.89,4.30,2.67,,Feather,Feather,16/07/2024 12:00:00 AM,0.00,,True,None,2800.00000,0.00,,,,Yes,,,,M,,None,,,,,,,,,https://www.gia.edu/report-check?reportno=5496913900,R2NET_SEGOMA,INDIA,1440.00000,False,,1.602,,M
DIN-67-907A,RD,E,VVS2,GIA,2416442420,,0.70000,2100.00000,-50.00000,INDIA,5.70-5.73x3.52,61.60,57.00,33.50,14.00,41.20,43.50,MED to THK,Medium,4.00,Faceted,None,None,EX,EX,FAINT,,,,,,,EX,5.73,5.70,3.52,,"Pinpoint,Cloud","Pinpoint, Cloud",01/12/2021 12:00:00 AM,50.00,,True,None,4200.00000,75.00,,,,Yes,,,,A,,None,,,,,,,,,https://www.gia.edu/report-check?reportno=2416442420,,INDIA,2544.00000,False,,1.005,,A
ADI-12-80A,RD,F,VVS2,GIA,6495766583,,1.20000,5040.00000,-40.00000,INDIA,6.80-6.85x4.17,61.10,61.00,32.50,12.50,41.60,44.50,MED to THK,Medium,4.50,Faceted,None,None,EX,EX,NONE,,,,,,,EX,6.85,6.80,4.17,,Additional pinpoints are not shown. Surface graining is not shown.,Pinpoint,03/07/2024 12:00:00 AM,50.00,,True,None,8400.00000,75.00,,,,Yes,,,,M,,None,,,,,,,,,https://www.gia.edu/report-check?reportno=6495766583,Nicaa,INDIA,2667.95000,False,,1.007,,M
ADI-8-38,HT,I,VVS2,IGI,632412858,,2.13000,4356.00000,-56.00000,INDIA,7.85x8.78x5.44,62.00,58.00,36.90,15.00,41.00,44.50,MED to VTK,Medium,0.00,Faceted,POINTED,,EX,EX,NONE,,,,,,,VERY GOOD,7.85,8.78,5.44,,,,22/05/2024 12:00:00 AM,,,True,None,9900.00000,0.00,,,,Yes,,,,A,,None,,,,,,,,,https://www.igi.org/verify.php?r=632412858,,INDIA,1378.57277,False,,0.894,,A
ADI-9-46,RD,L,VS1,IGI,632412860,,2.04000,2562.00000,-58.00000,INDIA,8.04-8.08x5.06,62.80,56.00,36.50,16.50,40.50,42.50,MED to THK,Medium,0.00,Faceted,POINTED,,EX,EX,NONE,,,,,,,EX,8.08,8.04,5.06,,,,23/05/2024 12:00:00 AM,,,True,None,6100.00000,0.00,,,,Yes,,,,A,,None,,,,,,,,,https://www.igi.org/verify.php?r=632412860,,INDIA,1297.61765,False,,1.005,,A
RFJSA02A,RD,H,VVS1,IGI,623458031,,1.02000,2262.00000,-61.00000,INDIA,6.21-6.26x4.01,64.30,58.00,,16.50,,42.50,Slightly Thick to Thick,,0.00,Faceted,POINTED,,EX,EX,NONE,,,,,,,VERY GOOD,6.26,6.21,4.01,,,,26/03/2024 12:00:00 AM,,,True,None,5800.00000,0.00,,,,Yes,,,,A,,None,,,,,,,,,https://www.igi.org/verify.php?r=623458031,,INDIA,2380.00000,False,,1.008,,A
HTJSA4-4-13A,RD,I,SI2,IGI,626406656,,1.03000,986.00000,-71.00000,INDIA,6.24-6.31x4.03,64.10,59.00,,15.50,,43.00,MED to VTK,Medium,0.00,Faceted,POINTED,,EX,EX,NONE,,,,,,,VERY GOOD,6.31,6.24,4.03,,,,08/04/2024 12:00:00 AM,,,True,GREEN,3400.00000,0.00,,,,No,,,,A,,None,,,,,,,,,https://www.igi.org/verify.php?r=626406656,,INDIA,1900.00000,False,,1.011,,A
HTJSA4-3-3A,RD,J,SI1,GIA,7486982086,,1.10000,1600.00000,-50.00000,INDIA,6.53-6.57x4.09,62.50,58.00,36.00,15.50,40.80,43.00,MED to THK,Medium,4.00,Faceted,None,None,EX,EX,FAINT,,,,,,,EX,6.57,6.53,4.09,,Clouds are not shown. Pinpoints are not shown.,"Crystal, Needle",03/04/2024 12:00:00 AM,50.00,,True,None,3200.00000,80.00,,,,No,,,,A,,None,,,,,,,,,https://www.gia.edu/report-check?reportno=7486982086,,INDIA,0.00000,False,,1.006,,A
VISA247G,RD,F,VS1,,,,0.18000,907.20000,-28.00000,INDIA,0-0*0,,,,,,,,,,,,,EX,EX,,None,,,,,,EX,,,,,,,,,,False,None,1260.00000,0.00,,,,Yes,,,,M,,None,,,,,,,,,,SATISH N. PARIKH,INDIA,1261.11111,False,,0.000,,M
ADI-12-70A,PSB,G,VS2,GIA,1493618205,,1.00000,2832.00000,-41.00000,INDIA,9.04x5.36x3.46,64.60,61.00,0.00,0.00,0.00,0.00,ETK,,0.00,Faceted,None,None,Very Good,Very Good,NONE,,,,,,,,9.04,5.36,3.46,,Additional clouds are not shown. Pinpoints are not shown.,"Cloud, Indented Natural, Natural",13/06/2024 12:00:00 AM,0.00,,True,None,4800.00000,0.00,,,,Yes,,,,A,,None,,,,,,,,,https://www.gia.edu/report-check?reportno=1493618205,,INDIA,2400.17000,False,,1.687,,A
ADI-8-39,EM,I,VS2,IGI,632412865,,1.01000,1369.00000,-63.00000,INDIA,7.10x4.91x3.03,61.70,64.00,31.60,12.00,40.00,46.50,MED,Medium,0.00,,LONG,,EX,EX,NONE,,,,,,,VERY GOOD,7.10,4.91,3.03,,,,23/05/2024 12:00:00 AM,,,True,None,3700.00000,0.00,,,,Yes,,,,A,,None,,,,,,,,,https://www.igi.org/verify.php?r=632412865,,INDIA,1289.09901,False,,1.446,,A
JSA04-6,OVB,M,SI1,GIA,1499543352,,2.50000,2170.00000,-38.00000,INDIA,10.71x7.53x4.59,61.00,59.00,0.00,0.00,0.00,0.00,Very Thick,,0.00,Faceted,None,None,EX,Very Good,FAINT,,,,,,,,10.71,7.53,4.59,,Clouds are not shown. Pinpoints are not shown.,"Feather, Crystal, Needle, Cavity, Natural",05/06/2024 12:00:00 AM,0.00,,True,None,3500.00000,0.00,,,,Yes,,,,A,,None,,,,,,,,,https://www.gia.edu/report-check?reportno=1499543352,,INDIA,0.00000,False,,1.422,,A
RFJSA2-1A,RD,J,VVS2,IGI,623458030,,1.50000,2257.00000,-63.00000,INDIA,7.06-7.14x4.57,64.20,58.00,,16.50,,42.50,MED to VTK,Medium,0.00,Faceted,POINTED,,EX,EX,NONE,,,,,,,VERY GOOD,7.14,7.06,4.57,,,,26/03/2024 12:00:00 AM,,,True,None,6100.00000,0.00,,,,Yes,,,,A,,None,,,,,,,,,https://www.igi.org/verify.php?r=623458030,,INDIA,2046.00000,False,,1.011,,A
HTJSA10A,RD,J,SI1,IGI,626409675,,1.50000,1500.00000,-70.00000,INDIA,7.16-7.23x4.61,64.10,59.00,,15.00,,44.50,Slightly Thick,,0.00,Faceted,POINTED,,EX,EX,NONE,,,,,,,VERY GOOD,7.23,7.16,4.61,,,,17/04/2024 12:00:00 AM,,,True,None,5000.00000,0.00,,,,Yes,,,,A,,None,,,,,,,,,https://www.igi.org/verify.php?r=626409675,,INDIA,0.00000,False,,1.010,,A
HTJSA4-4-25A,RD,I,VS2,IGI,626407941,,1.50000,2205.00000,-65.00000,INDIA,7.06-7.14x4.55,64.00,57.00,,17.00,,42.00,Slightly Thick to Thick,,0.00,Faceted,POINTED,,EX,EX,NONE,,,,,,,VERY GOOD,7.14,7.06,4.55,,,,12/04/2024 12:00:00 AM,,,True,None,6300.00000,0.00,,,,Yes,,,,A,,None,,,,,,,,,https://www.igi.org/verify.php?r=626407941,,INDIA,0.00000,False,,1.011,,A
ADI-15-88A,RD,D,SI1,GIA,3505262635,,0.60000,1440.00000,-40.00000,INDIA,5.36-5.41x3.35,62.20,60.00,33.50,13.50,41.80,44.50,MED to THK,Medium,4.50,Faceted,None,None,EX,EX,NONE,,,,,,,EX,5.41,5.36,3.35,,"Crystal, Cloud","Crystal, Cloud",26/08/2024 12:00:00 AM,50.00,,True,None,2400.00000,80.00,,,,Yes,,,,A,,None,,,,,,,,,https://www.gia.edu/report-check?reportno=3505262635,,INDIA,3810.80000,False,,1.009,,A
ADI-16-93B,EM,L,VVS2,GIA,2506269834,,0.60000,767.00000,-41.00000,INDIA,5.78x3.97x2.67,67.30,68.00,0.00,0.00,0.00,0.00,Very Thick,,0.00,Polished,None,None,Very Good,Very Good,NONE,,,,,,,,5.78,3.97,2.67,,"Pinpoint, Cloud","Pinpoint, Cloud",26/08/2024 12:00:00 AM,0.00,,True,None,1300.00000,0.00,,,,Yes,,,,A,,None,,,,,,,,,https://www.gia.edu/report-check?reportno=2506269834,,INDIA,3918.01667,False,,1.456,,A
ADI-5-12,RD,K,VS1,IGI,642437778,,1.52000,1551.00000,-67.00000,INDIA,7.41-7.45x4.47,60.20,59.00,33.80,13.50,40.60,42.50,MED to THK,Medium,0.00,Faceted,POINTED,,EX,EX,NONE,,,,,,,EX,7.45,7.41,4.47,,IDEAL CUT ROUND BRILLIANT,,30/07/2024 12:00:00 AM,,,True,None,4700.00000,0.00,,,,Yes,,,,A,,None,,,,,,,,,https://www.igi.org/verify.php?r=642437778,,INDIA,1319.06579,False,,1.005,,A
ADI-10-52A,EM,I,VS1,IGI,632412863,,1.26000,1760.00000,-54.87179,INDIA,7.45x5.29x3.44,65.00,63.00,32.20,12.50,40.80,50.50,MED,Medium,0.00,,LONG,,EX,EX,NONE,,,,,,,EX,7.45,5.29,3.44,,,,23/05/2024 12:00:00 AM,,,True,None,3900.00000,0.00,,,,Yes,,,,A,,None,,,,,,,,,https://www.igi.org/verify.php?r=632412863,,INDIA,1494.34127,False,,1.408,,A
ADI-18-95A,PSB,D,SI1,GIA,1509337926,,1.50000,4455.00000,-45.00000,INDIA,10.49x6.24x3.73,59.70,55.00,0.00,0.00,0.00,0.00,ETK,,0.00,Faceted,None,None,EX,Very Good,NONE,,,,,,,,10.49,6.24,3.73,,Additional pinpoints are not shown.,"Feather, Crystal, Needle, Pinpoint",03/09/2024 12:00:00 AM,0.00,,True,None,8100.00000,0.00,,,,Yes,,,,A,,None,,,,,,,,,https://www.gia.edu/report-check?reportno=1509337926,,INDIA,11597.80667,False,,1.681,,A
SSP-2A,MQ,D,VVS1,GIA,6501405278,,0.41000,1430.00000,-45.00000,INDIA,8.17x3.90x2.30,58.80,61.00,0.00,0.00,0.00,0.00,Thin to Very Thick,Thin,0.00,Faceted,None,None,EX,Very Good,NONE,,,,,,,,8.17,3.90,2.30,,Cavity,Cavity,12/09/2024 12:00:00 AM,0.00,,True,None,2600.00000,0.00,,,,Yes,,,,M,,None,,,,,,,,,https://www.gia.edu/report-check?reportno=6501405278,R2NET_SEGOMA,INDIA,2891.60976,False,,2.095,,M
DIN-114-46,EM,K,VVS1,IGI,635478105,,5.03000,6845.00000,-63.00000,INDIA,12.03x8.11x5.41,66.70,67.00,31.80,11.00,44.90,53.00,MED,Medium,0.00,,LONG,,EX,EX,NONE,,,,,,,VERY GOOD,12.03,8.11,5.41,,,,19/06/2024 12:00:00 AM,,,True,None,18500.00000,0.00,,,,Yes,,,,M,,None,,,,,,,,,https://www.igi.org/verify.php?r=635478105,,INDIA,18500.00000,False,,1.483,,M
DIN-114-46A,EM,K,VS2,IGI,635478102,,5.08000,5735.00000,-63.00000,INDIA,11.67x8.31x5.45,65.60,66.00,32.50,13.50,41.10,49.50,MED,Medium,0.00,,LONG,,EX,EX,NONE,,,,,,,VERY GOOD,11.67,8.31,5.45,,,,19/06/2024 12:00:00 AM,,,True,None,15500.00000,0.00,,,,Yes,,,,M,,None,,,,,,,,,https://www.igi.org/verify.php?r=635478102,,INDIA,15500.00000,False,,1.404,,M
VISA219B,EM,H,VS1,GIA,7486592025,,3.01000,11115.00000,-43.00000,INDIA,10.03x7.26x4.60,63.30,69.00,0.00,0.00,0.00,0.00,MED,Medium,0.00,Polished,None,None,EX,EX,NONE,,,,,,,-,10.03,7.26,4.60,,Additional clouds are not shown. Additional pinpoints are not shown.,"Cloud, Feather, Needle, Pinpoint",20/02/2024 12:00:00 AM,0.00,,True,None,19500.00000,0.00,,,,Yes,,,,M,,None,,,,,,,,,https://www.gia.edu/report-check?reportno=7486592025,,INDIA,0.00000,False,,1.382,,M
KFHTHTA-5,RD,E,VS2,GIA,7486587676,,1.50000,4400.00000,-60.00000,INDIA,6.93-6.99x4.61,66.20,58.00,40.00,18.00,39.80,41.50,Very Thick,,7.00,Faceted,None,None,EX,Very Good,NONE,,,,,,,GD,6.99,6.93,4.61,,Clouds are not shown. Pinpoints are not shown.,"Crystal, Feather, Needle",16/02/2024 12:00:00 AM,55.00,,True,None,11000.00000,75.00,,,,Yes,,,,A,,None,,,,,,,,,https://www.gia.edu/report-check?reportno=7486587676,,INDIA,0.00000,False,,1.009,,A
RFJSA02-3B,PSB,E,SI1,GIA,2486879907,,0.32000,705.00000,-53.00000,INDIA,6.42x3.85x2.24,58.00,62.00,0.00,0.00,0.00,0.00,MED to VTK,Medium,0.00,Faceted,None,None,EX,Very Good,FAINT,,,,,,,,6.42,3.85,2.24,,,"Crystal, Feather",21/03/2024 12:00:00 AM,0.00,,True,None,1500.00000,0.00,,,,Yes,,,,A,,None,,,,,,,,,https://www.gia.edu/report-check?reportno=2486879907,,INDIA,0.00000,False,,1.668,,A
DIN-116-60,RD,K,VS2,GIA,6505436203,,1.70000,2596.00000,-41.00000,INDIA,7.57-7.62x4.76,62.70,60.00,34.00,13.50,41.80,44.50,Slightly Thick,,4.50,Faceted,None,None,EX,EX,NONE,,,,,,,EX,7.62,7.57,4.76,,Additional clouds are not shown. Pinpoints are not shown.,"Cloud, Feather, Natural",18/09/2024 12:00:00 AM,50.00,,True,None,4400.00000,80.00,,,,Yes,,,,A,,None,,,,,,,,,https://www.gia.edu/report-check?reportno=6505436203,,INDIA,0.00000,False,,1.007,,A
DIN-116-55C,RAD,D,SI1,GIA,2506816440,,0.50000,1144.00000,-48.00000,INDIA,5.44x4.02x2.75,68.50,63.00,0.00,0.00,0.00,0.00,MED to THK,Medium,0.00,Polished,None,None,EX,EX,NONE,,,,,,,,5.44,4.02,2.75,,,"Crystal, Feather",08/11/2024 12:00:00 AM,0.00,,True,None,2200.00000,0.00,,,,Yes,,,,A,,None,,,,,,,,,https://www.gia.edu/report-check?reportno=2506816440,,INDIA,0.00000,False,,1.353,,A
ADI-23-111,EM,K,VVS1,HRD,250000015785,,7.02000,9250.00000,-50.00000,INDIA,12.42x8.93x6.07,68.00,66.00,0.00,13.00,0.00,50.50,MED,Medium,4.50,Polished,,Linear,EX,EX,nil,,,,,,,,12.42,8.93,6.07,,The stone in accordance with the mentioned number has been identified as a natural gem diamond.,,27/01/2025 12:00:00 AM,0.00,,True,None,18500.00000,0.00,,,,Yes,,,,A,,None,,,,,,,,,"https://my.hrdantwerp.com/?id,34&record_number=250000015785",,INDIA,10973.19943,False,,1.391,,A
ADI-23-113B,PSB,K,IF,GIA,1509558974,,1.50000,2156.00000,-56.00000,INDIA,10.84x6.42x3.61,56.20,58.00,0.00,0.00,0.00,0.00,MED to VTK,Medium,0.00,Faceted,None,None,EX,EX,NONE,,,,,,,,10.84,6.42,3.61,,Minor details of polish are not shown.,,09/10/2024 12:00:00 AM,0.00,,True,Faint Brown,4900.00000,0.00,,,,Yes,,,,A,,None,,,,,,,,,https://www.gia.edu/report-check?reportno=1509558974,,INDIA,1081.78000,False,,1.688,,A
ADI-22-109,RD,I,VS2,IGI,670474289,,2.40000,4092.00000,-56.00000,INDIA,8.45-8.53x5.31,62.50,58.00,36.20,15.50,40.60,43.00,MED to THK,Medium,0.00,Faceted,POINTED,,EX,EX,NONE,,,,,,,EX,8.53,8.45,5.31,,IDEAL CUT ROUND BRILLIANT,,03/01/2025 12:00:00 AM,,,True,None,9300.00000,0.00,,,,Yes,,,,A,,None,,,,,,,,,https://www.igi.org/verify.php?r=670474289,,INDIA,2080.76667,False,,1.009,,A
ADI-23-113,RD,L,VVS2,GIA,5506601974,,1.50000,2021.00000,-53.00000,INDIA,7.31-7.35x4.49,61.20,59.00,35.00,14.50,40.80,43.00,MED to THK,Medium,4.00,Faceted,None,None,EX,EX,NONE,,,,,,,EX,7.35,7.31,4.49,,Internal graining is not shown.,Feather,15/10/2024 12:00:00 AM,50.00,,True,Faint Brown,4300.00000,75.00,,,,Yes,,,,A,,None,,,,,,,,,https://www.gia.edu/report-check?reportno=5506601974,,INDIA,1744.55333,False,,1.005,,A
ADI-23-112-1A,RD,H,VVS1,GIA,1508595482,,0.30000,752.00000,-53.00000,INDIA,4.36-4.38x2.64,60.40,59.00,32.50,13.00,41.60,44.00,MED,Medium,3.00,Faceted,None,None,EX,EX,Medium,Blue,,,,,,EX,4.38,4.36,2.64,,,"Pinpoint, Cloud",09/10/2024 12:00:00 AM,50.00,,True,None,1600.00000,80.00,,,,Yes,,,,A,,None,,,,,,,,,https://www.gia.edu/report-check?reportno=1508595482,,INDIA,2140.36667,False,,1.005,,A
ADI-24-117,PS,J,VVS2,IGI,654481094,,5.15000,8385.00000,-61.00000,INDIA,15.23x9.49x5.91,62.30,60.00,37.90,15.50,36.90,41.50,Slightly Thick to Thick,,0.00,Faceted,POINTED,,EX,EX,VERY SLIGHT,,,,,,,VERY GOOD,15.23,9.49,5.91,,,,18/10/2024 12:00:00 AM,,,True,None,21500.00000,0.00,,,,Yes,,,,A,,None,,,,,,,,,https://www.igi.org/verify.php?r=654481094,,INDIA,3393.25049,False,,1.605,,A
DIN-116-63,RAD,F Y,VS2,GIA,6502389873,,2.06000,4700.00000,0.00000,INDIA,7.61x6.28x4.37,69.60,64.00,0.00,0.00,0.00,0.00,Very Thick,,0.00,Polished,None,None,EX,Very Good,NONE,,Yellow,Fancy,,,,,7.61,6.28,4.37,,Additional clouds are not shown. Pinpoints are not shown.,"Crystal, Cloud, Feather, Needle, Natural",27/09/2024 12:00:00 AM,0.00,,True,None,0.00000,0.00,,,,Yes,,,,A,,None,,,,,,,,,https://www.gia.edu/report-check?reportno=6502389873,,INDIA,0.00000,False,,1.212,,A
ADI-23-112-1,RD,L,VS2,GIA,6501591988,,1.55000,1976.00000,-48.00000,INDIA,7.34-7.37x4.59,62.40,58.00,36.00,15.00,40.80,43.00,MED to THK,Medium,4.00,Faceted,None,None,EX,EX,Medium,Blue,,,,,,EX,7.37,7.34,4.59,,"Clouds, pinpoints and internal graining are not shown.","Crystal, Needle",11/10/2024 12:00:00 AM,50.00,,True,None,3800.00000,80.00,,,,Yes,,,,A,,None,,,,,,,,,https://www.gia.edu/report-check?reportno=6501591988,,INDIA,1795.26452,False,,1.004,,A
ADI-16-92E,HTB,D,VS1,GIA,1503728280,,0.50000,1352.00000,-48.00000,INDIA,4.57x5.61x3.35,59.80,58.00,0.00,0.00,0.00,0.00,ETK,,0.00,Faceted,None,None,EX,Very Good,NONE,,,,,,,,4.57,5.61,3.35,,,Feather,24/10/2024 12:00:00 AM,0.00,,True,None,2600.00000,0.00,,,,Yes,,,,M,,None,,,,,,,,,https://www.gia.edu/report-check?reportno=1503728280,RISHAB DIAMOND,INDIA,5847.68000,False,,0.815,,M
JSA56-18B,RD,QR,VS2,GIA,7496923552,,1.00000,1400.00000,-33.33333,INDIA,6.52-6.54x3.86,59.10,59.00,33.00,13.50,40.40,42.50,MED to THK,Medium,3.50,Faceted,None,None,EX,EX,FAINT,,,,,,,VERY GOOD,6.54,6.52,3.86,,,Feather,15/07/2024 12:00:00 AM,50.00,,True,None,2100.00000,75.00,,,,Yes,,,,A,,None,,,,,,,,,https://www.gia.edu/report-check?reportno=7496923552,,INDIA,1000.80000,False,,1.003,,A
JSA46B,RAD,I,SI1,GIA,6492785693,,1.01000,1568.00000,-51.00000,INDIA,6.60x5.07x3.50,69.20,68.00,0.00,0.00,0.00,0.00,Slightly Thick to Thick,,0.00,Polished,None,None,EX,EX,FAINT,,,,,,,,6.60,5.07,3.50,,,"Feather, Cloud, Needle, Pinpoint",02/07/2024 12:00:00 AM,0.00,,True,None,3200.00000,0.00,,,,Yes,,,,A,,None,,,,,,,,,https://www.gia.edu/report-check?reportno=6492785693,,INDIA,1650.00000,False,,1.302,,A
HTJSA5-2A,RD,G,IF,GIA,7493362166,,1.50000,6392.00000,-53.00000,INDIA,7.30-7.34x4.52,61.70,59.00,35.00,14.50,41.00,43.50,MED to THK,Medium,4.00,Faceted,None,None,EX,EX,FAINT,,,,,,,EX,7.34,7.30,4.52,,Minor details of polish are not shown.,,21/05/2024 12:00:00 AM,50.00,,True,None,13600.00000,75.00,,,,Yes,,,,M,,None,,,,,,,,,https://www.gia.edu/report-check?reportno=7493362166,R2NET_SEGOMA,INDIA,6800.00000,False,,1.005,,M
JSA55B,EM,J,VS2,GIA,5493845044,,2.01000,3848.00000,-48.00000,INDIA,9.13x6.01x3.70,61.50,64.00,0.00,0.00,0.00,0.00,MED to THK,Medium,0.00,Polished,None,None,EX,Very Good,FAINT,,,,,,,,9.13,6.01,3.70,,"A cloud, pinpoints and surface graining are not shown.","Feather, Crystal, Needle",08/07/2024 12:00:00 AM,0.00,,True,None,7400.00000,0.00,,,,Yes,,,,A,,None,,,,,,,,,https://www.gia.edu/report-check?reportno=5493845044,,INDIA,3848.00000,False,,1.519,,A
JSA56-1A,RD,OP,VVS2,GIA,1493942891,,2.07000,2400.00000,-57.89474,INDIA,8.01-8.06x5.10,63.50,58.00,36.50,15.50,41.20,43.50,Slightly Thick to Thick,,4.50,Faceted,None,None,EX,EX,FAINT,,,,,,,VERY GOOD,8.06,8.01,5.10,,"Additional clouds, additional pinpoints and surface graining are not shown.","Cloud, Needle, Pinpoint",19/07/2024 12:00:00 AM,50.00,,True,None,5700.00000,75.00,,,,Yes,,,,A,,None,,,,,,,,,https://www.gia.edu/report-check?reportno=1493942891,,INDIA,1938.00000,False,,1.006,,A
JSA56-14A,RD,OP,VVS1,GIA,2497967709,,2.20000,2450.00000,-61.11111,INDIA,8.28-8.33x5.15,62.00,56.00,34.50,15.00,40.80,43.00,Slightly Thick,,4.00,Faceted,None,None,EX,EX,NONE,,,,,,,EX,8.33,8.28,5.15,,,"Feather, Natural",19/07/2024 12:00:00 AM,50.00,,True,None,6300.00000,75.00,,,,Yes,,,,A,,None,,,,,,,,,https://www.gia.edu/report-check?reportno=2497967709,,INDIA,2205.00000,False,,1.006,,A
JSA56-7A,RD,QR,VS1,GIA,2497967696,,2.69000,3000.00000,-44.44444,INDIA,8.74-8.80x5.56,63.40,56.00,36.50,16.00,40.60,42.50,Slightly Thick to Thick,,4.50,Faceted,None,None,EX,EX,NONE,,,,,,,VERY GOOD,8.80,8.74,5.56,,Additional pinpoints are not shown. Clouds are not shown.,"Needle, Feather, Pinpoint",19/07/2024 12:00:00 AM,45.00,,True,Brown,5400.00000,75.00,,,,Yes,,,,A,,None,,,,,,,,,https://www.gia.edu/report-check?reportno=2497967696,,INDIA,1836.00000,False,,1.007,,A
ADI-12-82A,RD,I,VVS2,GIA,2506167120,,1.05000,2530.00000,-45.00000,INDIA,6.53-6.55x3.97,60.80,59.00,34.50,14.50,40.60,42.50,MED to THK,Medium,4.00,Faceted,None,None,EX,EX,NONE,,,,,,,EX,6.55,6.53,3.97,,"Additional pinpoints, clouds and internal graining are not shown.",Pinpoint,12/08/2024 12:00:00 AM,50.00,,True,MIX,4600.00000,75.00,,,,Yes,,,,A,,None,,,,,,,,,https://www.gia.edu/report-check?reportno=2506167120,,INDIA,1945.65714,False,,1.003,,A
JSA56-17A,CMB,ST,VS2,GIA,2498968803,,3.09000,3200.00000,-40.74074,INDIA,8.97x7.85x5.54,70.60,60.00,0.00,0.00,0.00,0.00,Slightly Thick to Thick,,0.00,Faceted,None,None,EX,EX,NONE,,,,,,,,8.97,7.85,5.54,,Additional clouds are not shown. Pinpoints are not shown.,"Crystal, Cloud",07/08/2024 12:00:00 AM,0.00,,True,None,5400.00000,0.00,,,,Yes,,,,A,,None,,,,,,,,,https://www.gia.edu/report-check?reportno=2498968803,,INDIA,0.00000,False,,1.143,,A
HTSAR116B,EM,G,VVS1,GIA,7488220123,,0.70000,1365.00000,-61.00000,INDIA,6.92x3.96x2.62,66.30,66.00,0.00,0.00,0.00,0.00,MED to THK,Medium,0.00,Polished,None,None,EX,Very Good,FAINT,,,,,,,,6.92,3.96,2.62,,,Pinpoint,25/12/2023 12:00:00 AM,0.00,,True,None,3500.00000,0.00,,,,Yes,,,,A,,None,,,,,,,,,https://www.gia.edu/report-check?reportno=7488220123,,INDIA,0.00000,False,,1.747,,A
HTSAR110B,CMB,K,VVS2,IGI,613363338,,1.01000,1110.00000,-63.00000,INDIA,6.14x5.56x3.75,67.40,65.00,,12.00,,52.50,MED to VTK,Medium,0.00,Faceted,POINTED,,EX,EX,NONE,,,,,,,VERY GOOD,6.14,5.56,3.75,,,,02/01/2024 12:00:00 AM,,,True,None,3000.00000,0.00,,,,Yes,,,,A,,None,,,,,,,,,https://www.igi.org/verify.php?r=613363338,,INDIA,0.00000,False,,1.104,,A
IMJSA01-1C,PSB,D,SI1,GIA,2484584727,,0.53000,1056.00000,-52.00000,INDIA,7.45x4.52x2.68,59.20,59.00,0.00,0.00,0.00,0.00,MED to VTK,Medium,0.00,Faceted,None,None,EX,EX,NONE,,,,,,,,7.45,4.52,2.68,,,Cloud,16/02/2024 12:00:00 AM,0.00,,True,None,2200.00000,0.00,,,,Yes,,,,M,,Yes,,,,,,,,,https://www.gia.edu/report-check?reportno=2484584727,NIVODA LLP,INDIA,0.00000,False,,1.648,,M
HTJSA4-4-2A,CU,K,SI1,IGI,626406669,,1.52000,1443.00000,-63.00000,INDIA,6.65x6.42x4.32,67.30,63.00,,14.00,,49.50,MED to VTK,Medium,0.00,Faceted,POINTED,,EX,EX,NONE,,,,,,,VERY GOOD,6.65,6.42,4.32,,,,08/04/2024 12:00:00 AM,,,True,None,3900.00000,0.00,,,,Yes,,,,A,,None,,,,,,,,,https://www.igi.org/verify.php?r=626406669,,INDIA,0.00000,False,,1.036,,A
HTJSA4-4-3,CU,H,VS2,IGI,626406655,,1.51000,2627.00000,-63.00000,INDIA,6.62x6.48x4.39,67.70,57.00,,14.00,,51.00,MED to VTK,Medium,0.00,Faceted,POINTED,,EX,EX,NONE,,,,,,,VERY GOOD,6.62,6.48,4.39,,,,08/04/2024 12:00:00 AM,,,True,None,7100.00000,0.00,,,,Yes,,,,A,,None,,,,,,,,,https://www.igi.org/verify.php?r=626406655,,INDIA,0.00000,False,,1.022,,A
HTJSA4-4-6,RD,J,VS2,IGI,626406670,,1.51000,1537.00000,-71.00000,INDIA,6.95-7.03x4.67,66.70,55.00,,17.50,,42.50,Slightly Thick,,0.00,Faceted,POINTED,,EX,Very Good,NONE,,,,,,,GD,7.03,6.95,4.67,,,,08/04/2024 12:00:00 AM,,,True,MIX,5300.00000,0.00,,,,Yes,,,,A,,None,,,,,,,,,https://www.igi.org/verify.php?r=626406670,,INDIA,0.00000,False,,1.012,,A
HTJSA4-4-11B,PS,J,VS1,IGI,626406659,,0.90000,1080.00000,-64.00000,INDIA,8.57x5.42x3.36,62.00,60.00,32.30,13.00,40.70,44.50,MED to THK,Medium,0.00,Faceted,POINTED,,EX,EX,VERY SLIGHT,,,,,,,EX,8.57,5.42,3.36,,,,08/04/2024 12:00:00 AM,,,True,None,3000.00000,0.00,,,,Yes,,,,A,,None,,,,,,,,,https://www.igi.org/verify.php?r=626406659,,INDIA,0.00000,False,,1.581,,A
HTJSA4-4-18,OV,K,VS1,IGI,626407942,,1.01000,1036.00000,-63.00000,INDIA,8.37x5.49x3.37,61.40,62.00,,14.50,,42.00,MED to VTK,Medium,0.00,Faceted,POINTED,,EX,EX,NONE,,,,,,,VERY GOOD,8.37,5.49,3.37,,,,12/04/2024 12:00:00 AM,,,True,None,2800.00000,0.00,,,,Yes,,,,A,,None,,,,,,,,,https://www.igi.org/verify.php?r=626407942,,INDIA,0.00000,False,,1.525,,A
HTJSA4-4-20A,PSB,D,SI2,GIA,6482970367,,0.50000,1000.00000,-50.00000,INDIA,6.85x4.32x2.83,65.60,61.00,0.00,0.00,0.00,0.00,Very Thick,,0.00,Faceted,None,None,EX,EX,NONE,,,,,,,,6.85,4.32,2.83,,,"Crystal, Feather",03/04/2024 12:00:00 AM,0.00,,True,None,2000.00000,0.00,,,,Yes,,,,M,,None,,,,,,,,,https://www.gia.edu/report-check?reportno=6482970367,Karan Exports,INDIA,0.00000,False,,1.586,,M
HTJSA4-3-8,MQ,D,VVS2,GIA,2496164593,,0.70000,2200.00000,-45.00000,INDIA,9.78x4.54x2.60,57.20,61.00,0.00,0.00,0.00,0.00,Slightly Thick,,0.00,Faceted,None,None,EX,EX,NONE,,,,,,,,9.78,4.54,2.60,,,"Pinpoint, Needle, Surface Graining",23/04/2024 12:00:00 AM,0.00,,True,None,4000.00000,0.00,,,,Yes,,,,M,,None,,,,,,,,,https://www.gia.edu/report-check?reportno=2496164593,R2NET_SEGOMA,INDIA,0.00000,False,,2.154,,M
HTJSA04-1-8B,EM,G,VVS1,GIA,6485970381,,0.34000,850.00000,-50.00000,INDIA,5.37x3.17x2.01,63.50,64.00,0.00,0.00,0.00,0.00,MED to THK,Medium,0.00,Polished,None,None,EX,Very Good,FAINT,,,,,,,,5.37,3.17,2.01,,,Feather,03/04/2024 12:00:00 AM,0.00,,True,None,1700.00000,0.00,,,,Yes,,,,A,,None,,,,,,,,,https://www.gia.edu/report-check?reportno=6485970381,,INDIA,0.00000,False,,1.694,,A
HTJSA04-1-16B,OVB,G,VS1,GIA,2497014418,,0.44000,846.00000,-53.00000,INDIA,6.07x4.45x2.64,59.30,63.00,0.00,0.00,0.00,0.00,Thin to Thick,Thin,0.00,Faceted,None,None,EX,Very Good,Medium,Blue,,,,,,,6.07,4.45,2.64,,,Feather,08/04/2024 12:00:00 AM,0.00,,True,None,1800.00000,0.00,,,,Yes,,,,A,,None,,,,,,,,,https://www.gia.edu/report-check?reportno=2497014418,,INDIA,0.00000,False,,1.364,,A
HTJSA10B,EM,J,SI1,GIA,7493145739,,0.70000,799.00000,-53.00000,INDIA,6.31x4.34x2.77,63.80,66.00,0.00,0.00,0.00,0.00,MED to THK,Medium,0.00,Polished,None,None,EX,Very Good,NONE,,,,,,,,6.31,4.34,2.77,,,Feather,22/04/2024 12:00:00 AM,0.00,,True,None,1700.00000,0.00,,,,Yes,,,,A,,None,,,,,,,,,https://www.gia.edu/report-check?reportno=7493145739,,INDIA,0.00000,False,,1.454,,A
JSA03A,CMB,WX,VS1,GIA,7502927326,,5.01000,4700.00000,-50.52632,INDIA,10.79x8.57x5.97,69.70,61.00,0.00,0.00,0.00,0.00,Very Thick,,0.00,Faceted,None,None,EX,Very Good,FAINT,,,,,,,,10.79,8.57,5.97,,,Feather,19/12/2024 12:00:00 AM,0.00,,True,,9500.00000,0.00,,,,Yes,,,,A,,None,,,,,,,,,https://www.gia.edu/report-check?reportno=7502927326,,INDIA,0.00000,False,,1.259,,A
JSA03B,EM,I,IF,IGI,626409676,,1.20000,1833.00000,-61.00000,INDIA,7.15x5.11x3.34,65.40,62.00,,11.50,,50.00,Slightly Thick,,0.00,,LONG,,EX,EX,NONE,,,,,,,VERY GOOD,7.15,5.11,3.34,,,,17/04/2024 12:00:00 AM,,,True,None,4700.00000,0.00,,,,Yes,,,,A,,None,,,,,,,,,https://www.igi.org/verify.php?r=626409676,,INDIA,0.00000,False,,1.399,,A
JSA56-9B,RD,QR,VS1,GIA,3505163632,,2.06000,2200.00000,-59.25926,INDIA,8.07-8.14x5.05,62.30,59.00,34.00,14.00,41.60,44.00,Slightly Thick,,4.50,Faceted,None,None,EX,EX,Strong,Blue,,,,,,VERY GOOD,8.14,8.07,5.05,,,"Crystal, Knot, Feather",13/08/2024 12:00:00 AM,50.00,,True,MIX,5400.00000,75.00,,,,Yes,,,,A,,None,,,,,,,,,https://www.gia.edu/report-check?reportno=3505163632,,INDIA,1701.00000,False,,1.009,,A
JSA56-6A,RD,K,VS1,IGI,642437772,,2.03000,2310.00000,-67.00000,INDIA,7.99-8.05x5.06,63.20,58.00,36.60,15.50,40.90,43.00,MED,Medium,0.00,Faceted,POINTED,,EX,EX,NONE,,,,,,,EX,8.05,7.99,5.06,,,,30/07/2024 12:00:00 AM,,,True,None,7000.00000,0.00,,,,Yes,,,,A,,None,,,,,,,,,https://www.igi.org/verify.php?r=642437772,,INDIA,0.00000,False,,1.008,,A
JSA20B,OVB,H,SI1,GIA,1493468299,,0.53000,882.00000,-51.00000,INDIA,6.52x4.47x2.79,62.40,60.00,0.00,0.00,0.00,0.00,ETK,,0.00,Faceted,None,None,GD,GD,NONE,,,,,,,,6.52,4.47,2.79,,,"Twinning Wisp, Feather",27/05/2024 12:00:00 AM,0.00,,True,MIX,1800.00000,0.00,,,,Yes,,,,A,,None,,,,,,,,,https://www.gia.edu/report-check?reportno=1493468299,,INDIA,0.00000,False,,1.459,,A
JSA41B,OVB,D,VS2,GIA,1495758042,,0.32000,918.00000,-46.00000,INDIA,5.29x4.05x2.28,56.20,63.00,0.00,0.00,0.00,0.00,Slightly Thick,,0.00,Faceted,None,None,GD,GD,NONE,,,,,,,,5.29,4.05,2.28,,,Feather,01/07/2024 12:00:00 AM,0.00,,True,None,1700.00000,0.00,,,,Yes,,,,A,,None,,,,,,,,,https://www.gia.edu/report-check?reportno=1495758042,,INDIA,0.00000,False,,1.306,,A
JSA57-7C,RD,J,VVS1,GIA,1498897275,,0.31000,624.00000,-48.00000,INDIA,4.38-4.41x2.64,60.00,57.00,34.00,14.50,40.20,42.00,MED to THK,Medium,3.50,Faceted,None,None,EX,EX,NONE,,,,,,,VERY GOOD,4.41,4.38,2.64,,,Feather,15/07/2024 12:00:00 AM,50.00,,True,None,1200.00000,75.00,,,,Yes,,,,A,,None,,,,,,,,,https://www.gia.edu/report-check?reportno=1498897275,,INDIA,0.00000,False,,1.007,,A
JSA57-1B,OVB,L,VS1,GIA,1503105977,,0.50000,648.00000,-46.00000,INDIA,6.09x4.57x2.71,59.40,61.00,0.00,0.00,0.00,0.00,Very Thick,,0.00,Faceted,None,None,GD,GD,NONE,,,,,,,,6.09,4.57,2.71,,,"Crystal, Feather, Needle, Pinpoint",07/08/2024 12:00:00 AM,0.00,,True,None,1200.00000,0.00,,,,Yes,,,,A,,None,,,,,,,,,https://www.gia.edu/report-check?reportno=1503105977,,INDIA,0.00000,False,,1.333,,A
JSA56-14C,RD,M,VS1,GIA,1503113180,,0.71000,700.00000,-50.00000,INDIA,5.60-5.64x3.56,63.40,58.00,36.00,15.50,41.20,43.50,MED to VTK,Medium,4.50,Faceted,None,None,EX,Very Good,NONE,,,,,,,VERY GOOD,5.64,5.60,3.56,,,"Cavity, Feather",07/08/2024 12:00:00 AM,50.00,,True,None,1400.00000,75.00,,,,Yes,,,,A,,None,,,,,,,,,https://www.gia.edu/report-check?reportno=1503113180,,INDIA,0.00000,False,,1.007,,A
JSA56-1B,OVB,K,SI2,GIA,1505335744,,0.64000,616.00000,-44.00000,INDIA,6.77x4.88x3.05,62.50,61.00,0.00,0.00,0.00,0.00,Slightly Thick to Thick,,0.00,Faceted,None,None,Very Good,Very Good,FAINT,,,,,,,,6.77,4.88,3.05,,,Feather,06/09/2024 12:00:00 AM,0.00,,True,None,1100.00000,0.00,,,,Yes,,,,A,,None,,,,,,,,,https://www.gia.edu/report-check?reportno=1505335744,,INDIA,0.00000,False,,1.387,,A
JSA56-5C,OVB,K,SI1,GIA,1509105913,,0.48000,570.00000,-43.00000,INDIA,6.57x4.34x2.59,59.80,56.00,0.00,0.00,0.00,0.00,Slightly Thick,,0.00,Faceted,None,None,Very Good,GD,NONE,,,,,,,,6.57,4.34,2.59,,,Feather,07/08/2024 12:00:00 AM,0.00,,True,None,1000.00000,0.00,,,,Yes,,,,A,,None,,,,,,,,,https://www.gia.edu/report-check?reportno=1509105913,,INDIA,0.00000,False,,1.514,,A
JSA56-4C,OVB,J,VS1,GIA,1509335784,,0.43000,624.00000,-52.00000,INDIA,6.03x4.27x2.66,62.20,61.00,0.00,0.00,0.00,0.00,Slightly Thick to Thick,,0.00,Faceted,None,None,GD,Very Good,Medium,Blue,,,,,,,6.03,4.27,2.66,,,Crystal,06/09/2024 12:00:00 AM,0.00,,True,None,1300.00000,0.00,,,,Yes,,,,A,,None,,,,,,,,,https://www.gia.edu/report-check?reportno=1509335784,,INDIA,0.00000,False,,1.412,,A
JSA57-7B,EM,K,VS2,GIA,2496861894,,0.71000,900.00000,-50.00000,INDIA,6.14x4.44x2.79,62.90,62.00,0.00,0.00,0.00,0.00,MED to THK,Medium,0.00,Polished,None,None,EX,Very Good,NONE,,,,,,,,6.14,4.44,2.79,,,Feather,09/07/2024 12:00:00 AM,0.00,,True,None,1800.00000,0.00,,,,Yes,,,,A,,None,,,,,,,,,https://www.gia.edu/report-check?reportno=2496861894,,INDIA,0.00000,False,,1.383,,A
JSA16B,EM,I,IF,GIA,2498430169,,0.40000,950.00000,-50.00000,INDIA,5.21x3.69x2.27,61.40,67.00,0.00,0.00,0.00,0.00,Slightly Thick,,0.00,Polished,None,None,GD,GD,FAINT,,,,,,,,5.21,3.69,2.27,,The diamond has been graded insofar as surface conditions permit observation.,"Surface Graining, Minor Details Of Polish",24/05/2024 12:00:00 AM,0.00,,True,None,1900.00000,0.00,,,,Yes,,,,A,,None,,,,,,,,,https://www.gia.edu/report-check?reportno=2498430169,,INDIA,0.00000,False,,1.412,,A
JSA18D,HTB,F,I1,GIA,3495713473,,0.52000,868.00000,-38.00000,INDIA,5.13x5.72x3.15,55.10,58.00,0.00,0.00,0.00,0.00,MED to VTK,Medium,0.00,Faceted,None,None,EX,Very Good,FAINT,,,,,,,,5.13,5.72,3.15,,,"Cloud, Crystal",22/06/2024 12:00:00 AM,0.00,,True,None,1400.00000,0.00,,,,Yes,,,,A,,None,,,,,,,,,https://www.gia.edu/report-check?reportno=3495713473,,INDIA,0.00000,False,,0.897,,A
JSA56-5B,EM,L,IF,GIA,3495861915,,0.54000,855.00000,-43.00000,INDIA,5.68x4.15x2.41,58.10,68.00,0.00,0.00,0.00,0.00,MED to THK,Medium,0.00,Polished,None,None,Very Good,Very Good,NONE,,,,,,,,5.68,4.15,2.41,,,Minor Details Of Polish,09/07/2024 12:00:00 AM,0.00,,True,None,1500.00000,0.00,,,,Yes,,,,A,,None,,,,,,,,,https://www.gia.edu/report-check?reportno=3495861915,,INDIA,0.00000,False,,1.369,,A
JSA56-19B,RD,K,VVS2,GIA,6492907048,,0.70000,950.00000,-50.00000,INDIA,5.73-5.77x3.46,60.10,61.00,32.00,12.00,41.40,44.00,MED to VTK,Medium,4.00,Faceted,None,None,EX,EX,FAINT,,,,,,,VERY GOOD,5.77,5.73,3.46,,,Needle,15/07/2024 12:00:00 AM,50.00,,True,None,1900.00000,75.00,,,,Yes,,,,A,,None,,,,,,,,,https://www.gia.edu/report-check?reportno=6492907048,,INDIA,0.00000,False,,1.007,,A
JSA56-8D,EM,L,VVS2,GIA,7496863500,,0.44000,594.00000,-46.00000,INDIA,5.41x3.77x2.24,59.40,74.00,0.00,0.00,0.00,0.00,MED to THK,Medium,0.00,Polished,None,None,Very Good,Very Good,NONE,,,,,,,,5.41,3.77,2.24,,,Feather,09/07/2024 12:00:00 AM,0.00,,True,MIX,1100.00000,0.00,,,,Yes,,,,A,,None,,,,,,,,,https://www.gia.edu/report-check?reportno=7496863500,,INDIA,0.00000,False,,1.435,,A
VISA274B,PSB,F,SI1,GIA,7508119887,,0.90000,2173.05000,-34.15000,INDIA,8.50x5.44x3.25,59.70,65.00,0.00,0.00,0.00,0.00,ETK,,0.00,Faceted,None,None,EX,EX,NONE,,,,,,,,8.50,5.44,3.25,,,Feather,07/08/2024 12:00:00 AM,0.00,,True,None,3300.00000,0.00,,,,Yes,,,,A,,None,,,,,,,,,https://www.gia.edu/report-check?reportno=7508119887,,INDIA,0.00000,False,,1.563,,A
JSA56-13A,EM,L,VVS2,IGI,642437764,,1.50000,1554.00000,-58.00000,INDIA,8.01x5.56x3.64,65.50,66.00,34.30,12.00,41.40,50.00,MED,Medium,0.00,,LONG,,EX,EX,NONE,,,,,,,EX,8.01,5.56,3.64,,,,26/07/2024 12:00:00 AM,,,True,None,3700.00000,0.00,,,,Yes,,,,A,,None,,,,,,,,,https://www.igi.org/verify.php?r=642437764,,INDIA,0.00000,False,,1.441,,A
ADI-11-67B,OV,D,VS2,GIA,6491758022,,0.50000,1320.00000,-45.00000,INDIA,6.74x4.45x2.58,58.10,60.00,0.00,0.00,0.00,0.00,Slightly Thick,,0.00,Faceted,None,None,EX,GD,NONE,,,,,,,,6.74,4.45,2.58,,,Feather,01/07/2024 12:00:00 AM,0.00,,True,None,2400.00000,0.00,,,,Yes,,,,A,,None,,,,,,,,,https://www.gia.edu/report-check?reportno=6491758022,,INDIA,8015.08000,False,,1.515,,A
C-21-9B,PSB,J,VS2,GIA,2494327249,,0.40000,650.00000,-50.00000,INDIA,6.42x3.93x2.74,69.70,59.00,0.00,0.00,0.00,0.00,Slightly Thick,,0.00,Faceted,None,None,GD,Very Good,NONE,,,,,,,,6.42,3.93,2.74,,,Feather,17/05/2024 12:00:00 AM,0.00,,True,MIX,1300.00000,0.00,,,,Yes,,,,A,,None,,,,,,,,,https://www.gia.edu/report-check?reportno=2494327249,,INDIA,0.00000,False,,1.634,,A
C-21-3D,OVB,H,VS2,GIA,7491327227,,0.42000,912.00000,-43.00000,INDIA,6.35x4.10x2.62,63.90,61.00,0.00,0.00,0.00,0.00,Slightly Thick to Thick,,0.00,Faceted,None,None,GD,Very Good,NONE,,,,,,,,6.35,4.10,2.62,,,Feather,10/05/2024 12:00:00 AM,0.00,,True,None,1600.00000,0.00,,,,Yes,,,,A,,None,,,,,,,,,https://www.gia.edu/report-check?reportno=7491327227,,INDIA,0.00000,False,,1.549,,A
JSA33-1A,RAD,J,SI1,GIA,2507661305,,3.02000,6660.00000,-40.00000,INDIA,9.98x7.06x4.77,67.60,65.00,0.00,0.00,0.00,0.00,MED to VTK,Medium,0.00,Polished,None,None,EX,EX,NONE,,,,,,,,9.98,7.06,4.77,,"Additional clouds, pinpoints and surface graining are not shown.","Cloud, Crystal, Needle",16/10/2024 12:00:00 AM,0.00,,True,None,11100.00000,0.00,,,,Yes,,,,M,,None,,,,,,,,,https://www.gia.edu/report-check?reportno=2507661305,,INDIA,0.00000,False,,1.414,,M
VISA229B,PSB,E,VS2,GIA,2484591836,,0.81000,2023.04000,-36.78000,INDIA,8.50x5.33x2.87,53.90,60.00,0.00,0.00,0.00,0.00,Very Thick,,0.00,Faceted,None,None,EX,Very Good,NONE,,,,,,,,8.50,5.33,2.87,,,"Feather, Crystal",16/02/2024 12:00:00 AM,0.00,,True,None,3200.00000,0.00,,,,Yes,,,,A,,None,,,,,,,,,https://www.gia.edu/report-check?reportno=2484591836,,INDIA,0.00000,False,,1.595,,A
VISA231B,PSB,D,VS2,GIA,6485591850,,0.72000,2010.08000,-40.88000,INDIA,8.06x5.07x2.89,57.00,60.00,0.00,0.00,0.00,0.00,Slightly Thick,,0.00,Faceted,None,None,EX,Very Good,NONE,,,,,,,,8.06,5.07,2.89,,,Crystal,16/02/2024 12:00:00 AM,0.00,,True,None,3400.00000,0.00,,,,Yes,,,,A,,None,,,,,,,,,https://www.gia.edu/report-check?reportno=6485591850,,INDIA,0.00000,False,,1.590,,A
VISA225C,PSB,D,VVS1,GIA,6492022871,,0.50000,1661.10000,-44.63000,INDIA,7.33x4.37x2.44,55.80,62.00,0.00,0.00,0.00,0.00,Very Thick,,0.00,Faceted,None,None,EX,Very Good,NONE,,,,,,,,7.33,4.37,2.44,,,"Cavity, Feather",10/04/2024 12:00:00 AM,0.00,,True,None,3000.00000,0.00,,,,Yes,,,,A,,None,,,,,,,,,https://www.gia.edu/report-check?reportno=6492022871,,INDIA,0.00000,False,,1.677,,A
LL2-002B,RAD,F,VVS2,GIA,7483214167,,0.71000,1620.00000,-55.00000,INDIA,6.16x4.50x2.99,66.40,67.00,0.00,0.00,0.00,0.00,Slightly Thick to Thick,,0.00,Polished,None,None,EX,EX,Medium,Blue,,,,,,,6.16,4.50,2.99,,,"Needle, Pinpoint, Feather",22/12/2023 12:00:00 AM,0.00,,True,None,3600.00000,0.00,,,,Yes,,,,A,,None,,,,,,,,,https://www.gia.edu/report-check?reportno=7483214167,,INDIA,0.00000,False,,1.369,,A
JSA04-8A,CMB,WX,VVS2,GIA,6495099777,,3.02000,2500.00000,-58.33333,INDIA,8.03x7.57x5.22,69.00,59.00,0.00,0.00,0.00,0.00,Very Thick,,0.00,Faceted,None,None,EX,Very Good,NONE,,,,,,,,8.03,7.57,5.22,,,"Pinpoint, Feather, Indented Natural, Natural",03/05/2024 12:00:00 AM,0.00,,True,None,6000.00000,0.00,,,,Yes,,,,A,,None,,,,,,,,,https://www.gia.edu/report-check?reportno=6495099777,,INDIA,0.00000,False,,1.061,,A
HTJSA04-1-2,CMB,F Y,SI1,GIA,6492380161,,1.55000,3000.00000,0.00000,INDIA,7.17x5.79x3.92,67.70,56.00,0.00,0.00,0.00,0.00,Very Thick,,0.00,Faceted,None,None,EX,Very Good,NONE,,Yellow,Fancy,,,,,7.17,5.79,3.92,,Clouds are not shown. Pinpoints are not shown.,"Crystal, Needle",13/06/2024 12:00:00 AM,0.00,,True,None,0.00000,0.00,,,,Yes,,,,A,,None,,,,,,,,,https://www.gia.edu/report-check?reportno=6492380161,,INDIA,0.00000,False,,1.238,,A
VISA295-1K,PSB,D,SI2,GIA,2506870171,,2.01000,5562.00000,-46.00000,INDIA,10.96x6.89x4.34,63.00,62.00,0.00,0.00,0.00,0.00,Very Thick,,0.00,Faceted,None,None,EX,EX,NONE,,,,,,,,10.96,6.89,4.34,,Clouds are not shown. Pinpoints are not shown.,"Crystal, Feather, Needle",21/11/2024 12:00:00 AM,0.00,,True,None,10300.00000,0.00,,,,No,,,,A,,None,,,,,,,,,https://www.gia.edu/report-check?reportno=2506870171,,INDIA,0.00000,False,,1.591,,A
VISA295-1L,PSB,E,VS2,GIA,5503861637,,0.51000,1288.00000,-44.00000,INDIA,7.21x4.39x2.70,61.60,59.00,0.00,0.00,0.00,0.00,Thin to Slightly Thick,Thin,0.00,Faceted,None,None,Very Good,Very Good,NONE,,,,,,,,7.21,4.39,2.70,,,"Crystal, Cloud",14/11/2024 12:00:00 AM,0.00,,True,None,2300.00000,0.00,,,,Yes,,,,M,,None,,,,,,,,,https://www.gia.edu/report-check?reportno=5503861637,,INDIA,0.00000,False,,1.642,,M
H-2A,EM,J,IF,IGI,626406653,,8.02000,13000.00000,-48.00000,INDIA,13.25x9.47x6.32,66.70,65.00,,13.00,,49.00,Slightly Thick,,0.00,,LONG,,EX,EX,NONE,,,,,,,VERY GOOD,13.25,9.47,6.32,,,,03/04/2024 12:00:00 AM,,,True,None,25000.00000,0.00,,,,Yes,,,,A,,None,,,,,,,,,https://www.igi.org/verify.php?r=626406653,,INDIA,0.00000,False,,1.399,,A
ADI-20-101G,RAD,D,VS2,GIA,6512002921,,0.51000,1200.00000,-50.00000,INDIA,5.17x4.08x2.82,69.20,66.00,0.00,0.00,0.00,0.00,Very Thick,,0.00,Polished,None,None,EX,Very Good,FAINT,,,,,,,,5.17,4.08,2.82,,,Crystal,17/12/2024 12:00:00 AM,0.00,,True,None,2400.00000,0.00,,,,Yes,,,,A,,None,,,,,,,,,https://www.gia.edu/report-check?reportno=6512002921,,INDIA,6930.66667,False,,1.267,,A
ADI-27-124,EM,F,VVS1,GIA,7518018088,,2.01000,9690.00000,-43.00000,INDIA,8.47x5.88x3.98,67.60,58.00,0.00,0.00,0.00,0.00,Thick,,0.00,Polished,None,None,EX,EX,NONE,,,,,,,,8.47,5.88,3.98,,,"Pinpoint, Feather, Natural",21/12/2024 12:00:00 AM,0.00,,True,None,17000.00000,0.00,,,,Yes,,,,A,,None,,,,,,,,,https://www.gia.edu/report-check?reportno=7518018088,,INDIA,3042.47761,False,,1.440,,A
ADI-27-126A,PSB,I,SI1,GIA,6512023811,,0.80000,1200.00000,-40.00000,INDIA,8.33x5.06x3.10,61.30,61.00,0.00,0.00,0.00,0.00,Very Thick,,0.00,Faceted,None,None,EX,Very Good,NONE,,,,,,,,8.33,5.06,3.10,,,"Crystal, Cloud, Feather",20/12/2024 12:00:00 AM,0.00,,True,None,2000.00000,0.00,,,,Yes,,,,A,,None,,,,,,,,,https://www.gia.edu/report-check?reportno=6512023811,,INDIA,2775.50000,False,,1.646,,A
ADI-27-123B,MQ,D,VS1,GIA,6511106877,,0.70000,1850.00000,-50.00000,INDIA,9.81x4.52x2.75,60.70,62.00,0.00,0.00,0.00,0.00,Slightly Thick,,0.00,Faceted,None,None,EX,Very Good,FAINT,,,,,,,,9.81,4.52,2.75,,,Feather,02/01/2025 12:00:00 AM,0.00,,True,None,3700.00000,0.00,,,,Yes,,,,A,,None,,,,,,,,,https://www.gia.edu/report-check?reportno=6511106877,,INDIA,12398.84286,False,,2.170,,A
DIN-118-71,RD,D,I1,GIA,7511104612,,2.02000,4560.00000,-43.00000,INDIA,8.02-8.06x4.99,62.00,58.00,36.00,15.50,40.60,42.50,MED to THK,Medium,4.00,Faceted,None,None,EX,EX,NONE,,,,,,,EX,8.06,8.02,4.99,,Clouds are not shown.,"Crystal, Feather, Cavity, Natural",02/01/2025 12:00:00 AM,50.00,,True,None,8000.00000,80.00,,,,Yes,,,,A,,None,,,,,,,,,https://www.gia.edu/report-check?reportno=7511104612,,INDIA,0.00000,False,,1.005,,A
ADI-26-121A,RD,D,SI1,GIA,6515066110,,0.72000,1767.00000,-43.00000,INDIA,5.72-5.74x3.56,62.10,59.00,33.00,13.50,41.80,44.50,Slightly Thick,,4.50,Faceted,None,None,EX,EX,NONE,,,,,,,EX,5.74,5.72,3.56,,,"Crystal, Cloud, Feather",26/12/2024 12:00:00 AM,50.00,,True,None,3100.00000,80.00,,,,Yes,,,,A,,None,,,,,,,,,https://www.gia.edu/report-check?reportno=6515066110,,INDIA,5000.61111,False,,1.003,,A
ADI-26-121,HTB,D,SI2,GIA,7512060683,,2.01000,5047.00000,-51.00000,INDIA,7.37x8.65x5.30,61.30,62.00,0.00,0.00,0.00,0.00,Slightly Thick,,0.00,Faceted,None,None,EX,Very Good,NONE,,,,,,,,7.37,8.65,5.30,,Pinpoints are not shown.,"Knot, Feather, Crystal, Indented Natural, Needle",25/12/2024 12:00:00 AM,0.00,,True,None,10300.00000,0.00,,,,Yes,,,,A,,None,,,,,,,,,https://www.gia.edu/report-check?reportno=7512060683,,INDIA,4102.96517,False,,0.852,,A
DIN-117-67A,PSB,I,SI2,GIA,2517065681,,1.01000,1596.00000,-43.00000,INDIA,8.92x5.52x3.46,62.80,58.00,0.00,0.00,0.00,0.00,Very Thick,,0.00,Faceted,None,None,EX,Very Good,FAINT,,,,,,,,8.92,5.52,3.46,,,"Crystal, Feather",26/12/2024 12:00:00 AM,0.00,,True,None,2800.00000,0.00,,,,Yes,,,,A,,None,,,,,,,,,https://www.gia.edu/report-check?reportno=2517065681,,INDIA,0.00000,False,,1.616,,A
ADI-27-123A,MQ,D,VVS1,GIA,7516070579,,0.80000,2752.00000,-36.00000,INDIA,9.55x4.91x3.05,62.30,58.00,0.00,0.00,0.00,0.00,Slightly Thick,,0.00,Faceted,None,None,EX,GD,FAINT,,,,,,,,9.55,4.91,3.05,,,Cavity,30/12/2024 12:00:00 AM,0.00,,True,None,4300.00000,0.00,,,,Yes,,,,A,,None,,,,,,,,,https://www.gia.edu/report-check?reportno=7516070579,,INDIA,12235.68750,False,,1.945,,A
ADI-27-125,HTB,D,VS2,GIA,6515134722,,2.01000,8320.00000,-48.00000,INDIA,7.58x8.41x5.20,61.80,61.00,0.00,0.00,0.00,0.00,Slightly Thick to Thick,,0.00,Faceted,None,None,EX,Very Good,NONE,,,,,,,,7.58,8.41,5.20,,Pinpoints are not shown.,"Crystal, Feather, Needle",06/01/2025 12:00:00 AM,0.00,,True,None,16000.00000,0.00,,,,Yes,,,,A,,None,,,,,,,,,https://www.gia.edu/report-check?reportno=6515134722,,INDIA,3741.38308,False,,0.901,,A
ADI-28-133,OVB,E,VS1,GIA,6515154766,,1.04000,3596.00000,-42.00000,INDIA,8.46x5.70x3.38,59.30,62.00,0.00,0.00,0.00,0.00,Slightly Thick,,0.00,Faceted,None,None,EX,EX,NONE,,,,,,,,8.46,5.70,3.38,,Pinpoints are not shown.,"Crystal, Feather, Needle",08/01/2025 12:00:00 AM,0.00,,True,None,6200.00000,0.00,,,,Yes,,,,A,,None,,,,,,,,,https://www.gia.edu/report-check?reportno=6515154766,,INDIA,1799.37500,False,,1.484,,A
ADI-28-133A,OVB,E,VS1,GIA,3515162636,,1.00000,3534.00000,-43.00000,INDIA,8.14x5.79x3.31,57.20,62.00,0.00,0.00,0.00,0.00,Very Thick,,0.00,Faceted,None,None,EX,Very Good,NONE,,,,,,,,8.14,5.79,3.31,,,"Feather, Needle, Pinpoint, Natural",08/01/2025 12:00:00 AM,0.00,,True,None,6200.00000,0.00,,,,Yes,,,,A,,None,,,,,,,,,https://www.gia.edu/report-check?reportno=3515162636,,INDIA,1892.38000,False,,1.406,,A
DIN-117-65B,PSB,F,SI1,GIA,1519166260,,0.60000,1200.00000,-40.00000,INDIA,7.93x4.80x2.62,54.60,64.00,0.00,0.00,0.00,0.00,Slightly Thick,,0.00,Faceted,None,None,EX,Very Good,NONE,,,,,,,,7.93,4.80,2.62,,,Feather,09/01/2025 12:00:00 AM,0.00,,True,None,2000.00000,0.00,,,,Yes,,,,M,,None,,,,,,,,,https://www.gia.edu/report-check?reportno=1519166260,NIVODA LLP,INDIA,0.00000,False,,1.652,,M
DIN-119-73B,RD,E,IF,GIA,6511158885,,0.33000,1900.00000,-26.92308,INDIA,4.52-4.54x2.68,59.30,59.00,32.50,13.00,40.80,43.00,MED,Medium,3.50,Faceted,None,None,EX,EX,NONE,,,,,,,EX,4.54,4.52,2.68,,,Minor Details Of Polish,09/01/2025 12:00:00 AM,45.00,,True,None,2600.00000,75.00,,,,Yes,,,,A,,None,,,,,,,,,https://www.gia.edu/report-check?reportno=6511158885,,INDIA,0.00000,False,,1.004,,A
JSA57-7A,RD,OP,VS1,GIA,6511134178,,3.28000,3200.00000,-61.44578,INDIA,9.45-9.49x5.83,61.60,57.00,35.50,15.00,40.40,42.50,MED to THK,Medium,4.00,Faceted,None,None,EX,Very Good,NONE,,,,,,,VERY GOOD,9.49,9.45,5.83,,Additional clouds are not shown. Additional pinpoints are not shown.,"Crystal, Cloud, Feather, Indented Natural, Pinpoint, Natural, Extra Facet",07/01/2025 12:00:00 AM,50.00,,True,None,8300.00000,75.00,,,,Yes,,,,A,,None,,,,,,,,,https://www.gia.edu/report-check?reportno=6511134178,,INDIA,0.00000,False,,1.004,,A
ADI-28-140,EM,J,VS2,IGI,675514452,,5.03000,6475.00000,-65.00000,INDIA,11.40x8.15x5.56,68.20,68.00,28.30,11.00,46.70,52.50,Slightly Thick,,0.00,,LONG,,EX,EX,VERY SLIGHT,,,,,,,VERY GOOD,11.40,8.15,5.56,,,,15/01/2025 12:00:00 AM,,,True,None,18500.00000,0.00,,,,No,,,,A,,None,,,,,,,,,https://www.igi.org/verify.php?r=675514452,,INDIA,3635.88072,False,,1.399,,A
ADI-27-127A,RAD,F,VS2,GIA,2516198752,,2.02000,7000.00000,-50.00000,INDIA,8.55x6.24x4.26,68.30,64.00,0.00,0.00,0.00,0.00,Thick,,0.00,Polished,None,None,EX,Very Good,FAINT,,,,,,,,8.55,6.24,4.26,,Surface graining is not shown.,"Feather, Crystal, Needle, Pinpoint, Natural",15/01/2025 12:00:00 AM,0.00,,True,None,14000.00000,0.00,,,,Yes,,,,A,,None,,,,,,,,,https://www.gia.edu/report-check?reportno=2516198752,,INDIA,7006.63366,False,,1.370,,A
ADI-28-137,RD,J,SI2,GIA,6515199069,,2.09000,3150.00000,-50.00000,INDIA,8.11-8.14x5.09,62.60,57.00,35.50,15.00,41.00,43.50,Slightly Thick,,4.00,Faceted,None,None,EX,EX,FAINT,,,,,,,EX,8.14,8.11,5.09,,"Additional twinning wisps, clouds, pinpoints and surface graining are not shown.","Twinning Wisp, Crystal, Feather, Needle",14/01/2025 12:00:00 AM,50.00,,True,None,6300.00000,80.00,,,,Yes,,,,A,,None,,,,,,,,,https://www.gia.edu/report-check?reportno=6515199069,,INDIA,565.09091,False,,1.004,,A
ADI-28-138,RD,H,VVS1,GIA,6515199073,,3.70000,15500.00000,-38.00000,INDIA,9.78-9.84x6.16,62.80,58.00,35.50,15.00,41.20,43.50,Slightly Thick,,4.00,Faceted,None,None,EX,EX,NONE,,,,,,,EX,9.84,9.78,6.16,,,Pinpoint,14/01/2025 12:00:00 AM,50.00,,True,None,25000.00000,80.00,,,,Yes,,,,A,,None,,,,,,,,,https://www.gia.edu/report-check?reportno=6515199073,,INDIA,6315.52703,False,,1.006,,A
ADI-28-137B,RD,H,SI1,GIA,7513210677,,0.42000,780.00000,-48.00000,INDIA,4.80-4.82x2.97,61.80,58.00,36.00,15.50,40.60,42.50,MED to THK,Medium,4.00,Faceted,None,None,EX,EX,FAINT,,,,,,,EX,4.82,4.80,2.97,,,"Twinning Wisp, Feather, Crystal",15/01/2025 12:00:00 AM,50.00,,True,None,1500.00000,80.00,,,,Yes,,,,A,,None,,,,,,,,,https://www.gia.edu/report-check?reportno=7513210677,,INDIA,689.38095,False,,1.004,,A
ADI-28-137C,RD,G,VS1,GIA,7511210665,,0.31000,896.00000,-44.00000,INDIA,4.40-4.42x2.65,60.10,59.00,32.50,13.00,41.00,43.50,MED to THK,Medium,3.50,Faceted,None,None,EX,EX,FAINT,,,,,,,EX,4.42,4.40,2.65,,,"Crystal, Feather, Needle, Pinpoint",15/01/2025 12:00:00 AM,50.00,,True,None,1600.00000,80.00,,,,Yes,,,,A,,None,,,,,,,,,https://www.gia.edu/report-check?reportno=7511210665,,INDIA,0.00000,False,,1.005,,A
ADI-8-43C,RAD,G,VS1,GIA,6492411715,,0.50000,1210.00000,-45.00000,INDIA,5.14x4.07x2.76,67.80,73.00,0.00,0.00,0.00,0.00,MED to VTK,Medium,0.00,Polished,None,None,EX,Very Good,FAINT,,,,,,,,5.14,4.07,2.76,,,"Feather, Pinpoint",23/05/2024 12:00:00 AM,0.00,,True,None,2200.00000,0.00,,,,Yes,,,,A,,None,,,,,,,,,https://www.gia.edu/report-check?reportno=6492411715,,INDIA,0.00000,False,,1.263,,A
ADI-31-151A,SQMB,J,VS2,GIA,6511252389,,1.20000,1600.00000,-50.00000,INDIA,6.05x5.76x4.19,72.80,75.00,0.00,0.00,0.00,0.00,Thin to Thick,Thin,0.00,Polished,None,None,EX,Very Good,NONE,,,,,,,,6.05,5.76,4.19,,Pinpoints are not shown.,"Needle, Crystal, Cloud, Feather",21/01/2025 12:00:00 AM,0.00,,True,None,3200.00000,0.00,,,,Yes,,,,A,,None,,,,,,,,,https://www.gia.edu/report-check?reportno=6511252389,,INDIA,935.48333,False,,1.050,,A
ADI-31-153A,SQEM,F,IF,GIA,2518252819,,3.37000,16900.00000,-48.00000,INDIA,8.44x8.36x5.39,64.40,66.00,0.00,0.00,0.00,0.00,Slightly Thick to Thick,,0.00,Polished,None,None,EX,EX,NONE,,,,,,,,8.44,8.36,5.39,,Minor details of polish are not shown.,,22/01/2025 12:00:00 AM,0.00,,True,None,32500.00000,0.00,,,,Yes,,,,A,,None,,,,,,,,,https://www.gia.edu/report-check?reportno=2518252819,,INDIA,12505.48071,False,,1.010,,A
ADI-31-146A,EM,D,VS1,GIA,2516302372,,0.46000,1188.00000,-46.00000,INDIA,5.42x3.85x2.43,63.10,64.00,0.00,0.00,0.00,0.00,Slightly Thick to Thick,,0.00,Polished,None,None,EX,Very Good,NONE,,,,,,,,5.42,3.85,2.43,,,"Crystal, Feather, Needle, Pinpoint",29/01/2025 12:00:00 AM,0.00,,True,None,2200.00000,0.00,,,,Yes,,,,A,,None,,,,,,,,,https://www.gia.edu/report-check?reportno=2516302372,,INDIA,2677.84783,False,,1.408,,A
ADI-30-144,RD,D,VVS1,GIA,5232493115,,4.51000,32250.00000,-50.00000,INDIA,10.51-10.56x6.52,61.90,59.00,36.00,15.00,40.80,43.00,MED to THK,Medium,4.00,Faceted,None,None,EX,EX,NONE,,,,,,,EX,10.56,10.51,6.52,,Clarity grade is based on internal graining that is not shown.,,19/03/2025 12:00:00 AM,50.00,,True,None,64500.00000,80.00,,,,Yes,,,,M,,None,,,,,,,,,https://www.gia.edu/report-check?reportno=5232493115,R2NET_SEGOMA,INDIA,10980.49889,False,,1.005,,M
ADI-30-145A,EM,H,IF,GIA,6512293418,,1.04000,2632.00000,-53.00000,INDIA,7.08x4.70x3.08,65.60,64.00,0.00,0.00,0.00,0.00,Slightly Thick to Thick,,0.00,Polished,None,None,EX,EX,FAINT,,,,,,,,7.08,4.70,3.08,,Minor details of polish are not shown.,,29/01/2025 12:00:00 AM,0.00,,True,None,5600.00000,0.00,,,,Yes,,,,M,,None,,,,,,,,,https://www.gia.edu/report-check?reportno=6512293418,R2NET_SEGOMA,INDIA,6653.02885,False,,1.506,,M
ADI-31-147A,EM,G,VVS1,GIA,7513302179,,0.73000,1995.00000,-43.00000,INDIA,6.06x4.33x2.90,66.90,65.00,0.00,0.00,0.00,0.00,Slightly Thick to Thick,,0.00,Polished,None,None,EX,Very Good,NONE,,,,,,,,6.06,4.33,2.90,,,Pinpoint,28/01/2025 12:00:00 AM,0.00,,True,None,3500.00000,0.00,,,,Yes,,,,A,,None,,,,,,,,,https://www.gia.edu/report-check?reportno=7513302179,,INDIA,1121.09589,False,,1.400,,A
ADI-31-148,RD,K,VVS1,GIA,6515295992,,1.51000,3024.00000,-46.00000,INDIA,7.36-7.41x4.51,61.00,57.00,34.00,14.50,40.60,42.50,MED to THK,Medium,4.00,Faceted,None,None,EX,EX,FAINT,,,,,,,EX,7.41,7.36,4.51,,,Feather,28/01/2025 12:00:00 AM,50.00,,True,None,5600.00000,75.00,,,,Yes,,,,A,,None,,,,,,,,,https://www.gia.edu/report-check?reportno=6515295992,,INDIA,1184.43046,False,,1.007,,A
ADI-31-150,RD,F,VS2,GIA,1515295994,,1.56000,5871.00000,-43.00000,INDIA,7.36-7.39x4.59,62.30,57.00,36.00,15.50,40.60,42.50,Slightly Thick,,4.00,Faceted,None,None,EX,EX,NONE,,,,,,,EX,7.39,7.36,4.59,,Additional pinpoints are not shown.,"Crystal, Feather, Pinpoint",28/01/2025 12:00:00 AM,50.00,,True,None,10300.00000,80.00,,,,Yes,,,,M,,None,,,,,,,,,https://www.gia.edu/report-check?reportno=1515295994,R2NET_SEGOMA,INDIA,3161.04487,False,,1.004,,M
ADI-28-139A,PSB,D,VVS1,GIA,6512423719,,0.41000,1430.00000,-45.00000,INDIA,6.97x4.18x2.39,57.30,61.00,0.00,0.00,0.00,0.00,Medium to Very Thick,Medium,0.00,Faceted,None,None,EX,EX,NONE,,,,,,,,6.97,4.18,2.39,,,Pinpoint,17/02/2025 12:00:00 AM,0.00,,True,None,2600.00000,0.00,,,,Yes,,,,M,,None,,,,,,,,,https://www.gia.edu/report-check?reportno=6512423719,R2NET_SEGOMA,INDIA,9738.60976,False,,1.667,,M
ADI-31-152,RAD,F,SI1,GIA,2518301062,,3.02000,10920.00000,-44.00000,INDIA,9.65x7.37x5.03,68.20,67.00,0.00,0.00,0.00,0.00,MED to THK,Medium,0.00,Polished,None,None,EX,EX,NONE,,,,,,,,9.65,7.37,5.03,,Additional clouds are not shown. Pinpoints are not shown.,"Cloud, Feather, Crystal, Needle",29/01/2025 12:00:00 AM,0.00,,True,None,19500.00000,0.00,,,,Yes,,,,M,,None,,,,,,,,,https://www.gia.edu/report-check?reportno=2518301062,R2NET_SEGOMA,INDIA,6803.08278,False,,1.309,,M
ADI-31-155A,RAD,G,SI1,GIA,1513301077,,2.01000,6099.00000,-43.00000,INDIA,8.53x6.32x4.34,68.60,66.00,0.00,0.00,0.00,0.00,MED to THK,Medium,0.00,Polished,None,None,EX,EX,NONE,,,,,,,,8.53,6.32,4.34,,"Pinpoints, clouds, internal graining and surface graining are not shown.","Crystal, Knot, Feather, Needle",29/01/2025 12:00:00 AM,0.00,,True,None,10700.00000,0.00,,,,Yes,,,,A,,None,,,,,,,,,https://www.gia.edu/report-check?reportno=1513301077,,INDIA,4957.58706,False,,1.350,,A
ADI-28-135B,EM,G,SI1,GIA,5513328263,,0.90000,1024.00000,-68.00000,INDIA,6.77x4.77x3.00,62.90,66.00,0.00,0.00,0.00,0.00,Slightly Thick to Thick,,0.00,Polished,None,None,EX,Very Good,Strong,Blue,,,,,,,6.77,4.77,3.00,,,"Feather, Etch Channel",03/02/2025 12:00:00 AM,0.00,,True,None,3200.00000,0.00,,,,Yes,,,,A,,None,,,,,,,,,https://www.gia.edu/report-check?reportno=5513328263,,INDIA,868.98889,False,,1.419,,A
ADI-31-155B,PSB,E,VVS2,GIA,6512322936,,0.60000,1560.00000,-40.00000,INDIA,7.41x4.76x2.92,61.40,59.00,0.00,0.00,0.00,0.00,Medium to Very Thick,Medium,0.00,Faceted,None,None,EX,Very Good,NONE,,,,,,,,7.41,4.76,2.92,,,"Needle, Pinpoint, Feather, Surface Graining",30/01/2025 12:00:00 AM,0.00,,True,None,2600.00000,0.00,,,,Yes,,,,A,,None,,,,,,,,,https://www.gia.edu/report-check?reportno=6512322936,,INDIA,5640.43333,False,,1.557,,A
ADI-34-159D,EM,J,VVS2,IGI,683556972,,1.74000,2436.00000,-58.00000,INDIA,8.36x5.76x3.60,62.50,63.00,33.60,13.00,42.00,45.50,MED to THK,Medium,0.00,,LONG,,EX,EX,NONE,,,,,,,VERY GOOD,8.36,5.76,3.60,,,,19/02/2025 12:00:00 AM,,,True,None,5800.00000,0.00,,,,Yes,,,,M,,None,,,,,,,,,https://www.igi.org/verify.php?r=683556972,,INDIA,877.74138,False,,1.451,,M
VISA333B,PSB,D,SI2,GIA,5513265632,,3.01000,9450.00000,-46.00000,INDIA,13.07x7.77x4.74,61.00,58.00,0.00,0.00,0.00,0.00,Very Thick,,0.00,Faceted,None,None,EX,Very Good,NONE,,,,,,,,13.07,7.77,4.74,,Pinpoints are not shown.,"Crystal, Feather, Needle",24/01/2025 12:00:00 AM,0.00,,True,None,17500.00000,0.00,,,,No,,,,A,,None,,,,,,,,,https://www.gia.edu/report-check?reportno=5513265632,,INDIA,0.00000,False,,1.682,,A
ADI-28-132A,OVB,E,SI1,GIA,1515385734,,0.51000,1218.00000,-42.00000,INDIA,6.60x4.63x2.66,57.40,61.00,0.00,0.00,0.00,0.00,Medium to Very Thick,Medium,0.00,Faceted,None,None,EX,Very Good,NONE,,,,,,,,6.60,4.63,2.66,,,Feather,07/02/2025 12:00:00 AM,0.00,,True,None,2100.00000,0.00,,,,Yes,,,,A,,None,,,,,,,,,https://www.gia.edu/report-check?reportno=1515385734,,INDIA,4455.72549,False,,1.425,,A
DIN-119-74B,PSB,D,SI1,GIA,6512359363,,0.51000,1100.00000,-50.00000,INDIA,7.42x4.50x2.51,55.70,61.00,0.00,0.00,0.00,0.00,Slightly Thick,,0.00,Faceted,None,None,EX,Very Good,NONE,,,,,,,,7.42,4.50,2.51,,,"Crystal, Needle",05/02/2025 12:00:00 AM,0.00,,True,None,2200.00000,0.00,,,,Yes,,,,A,,None,,,,,,,,,https://www.gia.edu/report-check?reportno=6512359363,,INDIA,0.00000,False,,1.649,,A
DIN-117-66G,PSB,D,VS2,GIA,2516359420,,0.52000,1296.00000,-46.00000,INDIA,7.06x4.49x2.66,59.30,58.00,0.00,0.00,0.00,0.00,Slightly Thick,,0.00,Faceted,None,None,EX,Very Good,NONE,,,,,,,,7.06,4.49,2.66,,,"Crystal, Cloud, Feather",05/02/2025 12:00:00 AM,0.00,,True,None,2400.00000,0.00,,,,Yes,,,,M,,None,,,,,,,,,https://www.gia.edu/report-check?reportno=2516359420,,INDIA,0.00000,False,,1.572,,M
DIN-117-66I,PSB,D,SI2,GIA,7516408683,,1.00000,2028.00000,-48.00000,INDIA,9.08x5.51x3.34,60.60,58.00,0.00,0.00,0.00,0.00,Medium to Very Thick,Medium,0.00,Faceted,None,None,EX,Very Good,NONE,,,,,,,,9.08,5.51,3.34,,Additional clouds are not shown.,"Feather, Cavity, Crystal, Cloud",17/02/2025 12:00:00 AM,0.00,,True,None,3900.00000,0.00,,,,Yes,,,,M,,None,,,,,,,,,https://www.gia.edu/report-check?reportno=7516408683,R2NET_SEGOMA,INDIA,0.00000,False,,1.648,,M
ADI-28-141D,OVB,G,VVS2,GIA,6512406847,,3.03000,15680.00000,-36.00000,INDIA,12.16x8.12x4.81,59.10,58.00,0.00,0.00,0.00,0.00,Slightly Thick to Thick,,0.00,Faceted,None,None,EX,EX,NONE,,,,,,,,12.16,8.12,4.81,,Additional pinpoints are not shown.,"Needle, Pinpoint",13/02/2025 12:00:00 AM,0.00,,True,None,24500.00000,0.00,,,,Yes,,,,M,,None,,,,,,,,,https://www.gia.edu/report-check?reportno=6512406847,R2NET_SEGOMA,INDIA,4621.85479,False,,1.498,,M
DIN-117-66A,PSB,D,VS1,GIA,1515368723,,1.11000,3819.00000,-43.00000,INDIA,9.75x5.83x3.41,58.40,58.00,0.00,0.00,0.00,0.00,MED to VTK,Medium,0.00,Faceted,None,None,EX,EX,NONE,,,,,,,,9.75,5.83,3.41,,"Additional clouds, pinpoints and surface graining are not shown.","Crystal, Feather, Cloud, Indented Natural",10/02/2025 12:00:00 AM,0.00,,True,None,6700.00000,0.00,,,,Yes,,,,A,,Yes,,,,,,,,,https://www.gia.edu/report-check?reportno=1515368723,,INDIA,0.00000,False,,1.672,,A
DIN-120-76B,PSB,J,SI2,GIA,6515379005,,0.72000,832.00000,-48.00000,INDIA,7.84x4.90x3.07,62.70,58.00,0.00,0.00,0.00,0.00,Slightly Thick,,0.00,Faceted,None,None,EX,Very Good,NONE,,,,,,,,7.84,4.90,3.07,,,Crystal,10/02/2025 12:00:00 AM,0.00,,True,MIX,1600.00000,0.00,,,,Yes,,,,A,,None,,,,,,,,,https://www.gia.edu/report-check?reportno=6515379005,,INDIA,0.00000,False,,1.600,,A
ELSAR02A,EM,H,VVS1,GIA,5516469911,,1.50000,4136.00000,-53.00000,INDIA,7.51x5.34x3.66,68.50,65.00,0.00,0.00,0.00,0.00,Very Thick,,0.00,Polished,None,None,EX,Very Good,NONE,,,,,,,,7.51,5.34,3.66,,Surface graining is not shown.,"Pinpoint, Feather",19/02/2025 12:00:00 AM,0.00,,True,None,8800.00000,0.00,,,,Yes,,,,M,,None,,,,,,,,,https://www.gia.edu/report-check?reportno=5516469911,R2NET_SEGOMA,INDIA,0.00000,False,,1.406,,M
VISA333F,RD,D,SI1,GIA,2516384597,,0.50000,1200.00000,-50.00000,INDIA,5.09-5.13x3.12,61.20,61.00,33.00,13.00,41.60,44.00,MED to THK,Medium,4.00,Faceted,None,None,EX,EX,NONE,,,,,,,EX,5.13,5.09,3.12,,,Crystal,12/02/2025 12:00:00 AM,50.00,,True,None,2400.00000,80.00,,,,Yes,,,,M,,None,,,,,,,,,https://www.gia.edu/report-check?reportno=2516384597,R2NET_SEGOMA,INDIA,0.00000,False,,1.008,,M
VISA333C,PSB,D,SI2,GIA,6512300261,,2.02000,5150.00000,-50.00000,INDIA,11.61x6.97x3.98,57.10,59.00,0.00,0.00,0.00,0.00,Very Thick,,0.00,Faceted,None,None,EX,EX,NONE,,,,,,,,11.61,6.97,3.98,,Pinpoints are not shown.,"Crystal, Feather, Cavity, Needle, Natural",03/02/2025 12:00:00 AM,0.00,,True,None,10300.00000,0.00,,,,Yes,,,,A,,None,,,,,,,,,https://www.gia.edu/report-check?reportno=6512300261,,INDIA,0.00000,False,,1.666,,A
VISA363B,EM,E,VVS2,GIA,2516347445,,1.51000,6032.00000,-48.00000,INDIA,8.21x5.46x3.55,64.90,65.00,0.00,0.00,0.00,0.00,Thin to Medium,Thin,0.00,Polished,None,None,EX,EX,NONE,,,,,,,,8.21,5.46,3.55,,,"Feather, Pinpoint",05/02/2025 12:00:00 AM,0.00,,True,None,11600.00000,0.00,,,,Yes,,,,M,,None,,,,,,,,,https://www.gia.edu/report-check?reportno=2516347445,R2NET_SEGOMA,INDIA,0.00000,False,,1.504,,M
VISA353D,PSB,E,SI1,GIA,2518347437,,1.00000,2021.00000,-53.00000,INDIA,9.01x5.65x3.35,59.30,60.00,0.00,0.00,0.00,0.00,Slightly Thick,,0.00,Faceted,None,None,EX,EX,Medium,Blue,,,,,,,9.01,5.65,3.35,,,"Feather, Crystal, Needle, Pinpoint",05/02/2025 12:00:00 AM,0.00,,True,None,4300.00000,0.00,,,,Yes,,,,M,,None,,,,,,,,,https://www.gia.edu/report-check?reportno=2518347437,R2NET_SEGOMA,INDIA,0.00000,False,,1.595,,M
ADI-28-141F,PSB,F,SI2,GIA,2514500517,,2.00000,4732.00000,-48.00000,INDIA,11.52x6.66x4.11,61.70,61.00,0.00,0.00,0.00,0.00,Very Thick,,0.00,Faceted,None,None,EX,EX,NONE,,,,,,,,11.52,6.66,4.11,,Pinpoints are not shown.,"Crystal, Feather, Needle, Indented Natural",26/02/2025 12:00:00 AM,0.00,,True,None,9100.00000,0.00,,,,Yes,,,,M,,None,,,,,,,,,https://www.gia.edu/report-check?reportno=2514500517,R2NET_SEGOMA,INDIA,4707.86000,False,,1.730,,M
ADI-14-86,PC,G,I2,,,,8.40000,5202.00000,44.50000,INDIA,0-0*0,75.50,70.40,,,,,,,,,,,EX,EX,NON,,,,,,,,11.17,10.89,8.22,,,,,,,False,None,3600.00000,0.00,,,,No,,,,A,,None,,,,,,,,,,,INDIA,10496.64762,False,,1.026,,A
ADI-28-141H,PSB,F,I1,GIA,6512598739,,0.70000,912.00000,-43.00000,INDIA,7.66x4.93x3.03,61.50,62.00,0.00,0.00,0.00,0.00,Slightly Thick,,0.00,Faceted,None,None,EX,Very Good,NONE,,,,,,,,7.66,4.93,3.03,,,Feather,10/03/2025 12:00:00 AM,0.00,,True,None,1600.00000,0.00,,,,Yes,,,,M,,None,,,,,,,,,https://www.gia.edu/report-check?reportno=6512598739,R2NET_SEGOMA,INDIA,4471.04286,False,,1.554,,M
ADI-34-159N,PSM,I,VS1,IGI,685588873,,1.00000,1443.00000,-63.00000,INDIA,9.43x5.55x3.36,60.50,62.00,29.10,10.50,38.90,46.50,MED to THK,Medium,0.00,Faceted,POINTED,,EX,Very Good,NONE,,,,,,,VERY GOOD,9.43,5.55,3.36,,,,06/03/2025 12:00:00 AM,,,True,None,3900.00000,0.00,,,,Yes,,,,M,,None,,,,,,,,,https://www.igi.org/verify.php?r=685588873,AGARWAL DIAM EXPO PVT LTD,INDIA,879.66000,False,,1.699,,M
ADI-28-139,HTB,F,SI1,GIA,6512614838,,1.50000,3744.00000,-48.00000,INDIA,6.84x8.05x4.46,55.40,61.00,0.00,0.00,0.00,0.00,ETK,,0.00,Faceted,None,None,EX,Very Good,FAINT,,,,,,,,6.84,8.05,4.46,,Pinpoints are not shown. Clouds are not shown.,"Feather, Crystal, Needle",18/03/2025 12:00:00 AM,0.00,,True,None,7200.00000,0.00,,,,Yes,,,,M,,None,,,,,,,,,https://www.gia.edu/report-check?reportno=6512614838,R2NET_SEGOMA,INDIA,8146.02000,False,,0.850,,M
ADI-29-143,RAD,D,VS2,GIA,2235535850,,4.02000,19500.00000,-48.00000,INDIA,10.65x7.79x5.42,69.60,66.00,0.00,0.00,0.00,0.00,Very Thick,,0.00,Polished,None,None,EX,EX,NONE,,,,,,,,10.65,7.79,5.42,,Clouds are not shown. Pinpoints are not shown.,"Crystal, Feather, Needle",08/04/2025 12:00:00 AM,0.00,,True,None,37500.00000,0.00,,,,Yes,,,,M,,None,,,,,,,,,https://www.gia.edu/report-check?reportno=2235535850,R2NET_SEGOMA,INDIA,10615.24129,False,,1.367,,M
ADI-34-159I,PSB,J,VS1,GIA,6511614965,,1.00000,1938.00000,-43.00000,INDIA,9.06x5.45x3.48,64.00,60.00,0.00,0.00,0.00,0.00,Slightly Thick,,0.00,Faceted,None,None,EX,EX,NONE,,,,,,,,9.06,5.45,3.48,,,"Crystal, Feather, Needle, Pinpoint",12/03/2025 12:00:00 AM,0.00,,True,None,3400.00000,0.00,,,,Yes,,,,M,,None,,,,,,,,,https://www.gia.edu/report-check?reportno=6511614965,,INDIA,1057.75000,False,,1.662,,M
ADI-34-159P,RD,I,VS2,GIA,6511626062,,0.40000,756.00000,-46.00000,INDIA,4.76-4.78x2.93,61.40,58.00,36.00,15.00,41.00,43.50,Thin to Medium,Thin,3.00,Faceted,None,None,EX,EX,NONE,,,,,,,EX,4.78,4.76,2.93,,,Crystal,13/03/2025 12:00:00 AM,50.00,,True,None,1400.00000,80.00,,,,Yes,,,,M,,None,,,,,,,,,https://www.gia.edu/report-check?reportno=6511626062,R2NET_SEGOMA,INDIA,1025.37500,False,,1.004,,M
VISA360B,RAD,F,VVS2,GIA,7513452147,,2.82000,10720.00000,-33.00000,INDIA,9.33x7.00x4.86,69.50,65.00,0.00,0.00,0.00,0.00,Slightly Thick to Thick,,0.00,Polished,None,None,EX,EX,NONE,,,,,,,,9.33,7.00,4.86,,,"Crystal, Needle, Pinpoint, Feather",19/02/2025 12:00:00 AM,0.00,,True,None,16000.00000,0.00,,,,Yes,,,,M,,None,,,,,,,,,https://www.gia.edu/report-check?reportno=7513452147,R2NET_SEGOMA,INDIA,0.00000,False,,1.333,,M
VISA364B,EM,D,FL,GIA,6511619085,,1.52000,8742.00000,-38.00000,INDIA,7.61x5.41x3.56,65.70,61.00,0.00,0.00,0.00,0.00,Very Thick,,0.00,Polished,None,None,EX,EX,NONE,,,,,,,,7.61,5.41,3.56,,,,24/03/2025 12:00:00 AM,0.00,,True,None,14100.00000,0.00,,,,Yes,,,,M,,None,,,,,,,,,https://www.gia.edu/report-check?reportno=6511619085,R2NET_SEGOMA,INDIA,0.00000,False,,1.407,,M
DIN-120-76D,MQ,I,SI1,GIA,6515861387,,3.08000,9660.00000,-31.00000,INDIA,15.34x7.55x4.59,60.70,58.00,0.00,0.00,0.00,0.00,MED to VTK,Medium,0.00,Faceted,None,None,EX,EX,FAINT,,,,,,,,15.34,7.55,4.59,,Clouds are not shown. Pinpoints are not shown.,"Crystal, Feather, Needle, Natural",14/04/2025 12:00:00 AM,0.00,,True,None,14000.00000,0.00,,,,Yes,,,,A,,None,,,,,,,,,https://www.gia.edu/report-check?reportno=6515861387,,INDIA,0.00000,False,,2.032,,A
VISA359G,RD,H,VS2,GIA,6511619596,,1.05000,2496.00000,-48.00000,INDIA,6.46-6.48x4.07,62.90,57.00,36.00,16.00,41.20,43.50,MED to THK,Medium,3.50,Faceted,None,None,EX,EX,FAINT,,,,,,,EX,6.48,6.46,4.07,,Pinpoints are not shown.,"Crystal, Feather, Needle",21/03/2025 12:00:00 AM,50.00,,True,None,4800.00000,80.00,,,,Yes,,,,M,,None,,,,,,,,,https://www.gia.edu/report-check?reportno=6511619596,R2NET_SEGOMA,INDIA,0.00000,False,,1.003,,M
VISA359B,PSB,H,SI1,GIA,6511618798,,1.50000,3534.00000,-43.00000,INDIA,10.14x6.42x3.95,61.40,59.00,0.00,0.00,0.00,0.00,Medium to Very Thick,Medium,0.00,Faceted,None,None,EX,Very Good,NONE,,,,,,,,10.14,6.42,3.95,,Pinpoints are not shown.,"Feather, Crystal, Cavity, Needle",21/03/2025 12:00:00 AM,0.00,,True,None,6200.00000,0.00,,,,Yes,,,,M,,None,,,,,,,,,https://www.gia.edu/report-check?reportno=6511618798,R2NET_SEGOMA,INDIA,0.00000,False,,1.579,,M
DIN-120-76C,RD,F,VVS1,GIA,6511659284,,0.90000,4480.00000,-44.00000,INDIA,6.18-6.21x3.87,62.50,58.00,33.50,14.00,41.80,44.50,MED to THK,Medium,4.00,Faceted,None,None,EX,EX,NONE,,,,,,,EX,6.21,6.18,3.87,,,Pinpoint,20/03/2025 12:00:00 AM,50.00,,True,None,8000.00000,80.00,,,,Yes,,,,M,,None,,,,,,,,,https://www.gia.edu/report-check?reportno=6511659284,R2NET_SEGOMA,INDIA,0.00000,False,,1.005,,M
DIN-120-77B,EM,D,VVS2,GIA,1518651701,,0.40000,1176.00000,-51.00000,INDIA,5.10x3.62x2.25,62.20,70.00,0.00,0.00,0.00,0.00,Slightly Thick to Thick,,0.00,Polished,None,None,EX,Very Good,NONE,,,,,,,,5.10,3.62,2.25,,,Feather,19/03/2025 12:00:00 AM,0.00,,True,None,2400.00000,0.00,,,,Yes,,,,M,,None,,,,,,,,,https://www.gia.edu/report-check?reportno=1518651701,R2NET_SEGOMA,INDIA,0.00000,False,,1.409,,M
ADI-30-144A,OVB,D,VVS1,GIA,2235535851,,4.02000,25300.00000,-45.00000,INDIA,12.33x8.85x5.58,63.00,59.00,0.00,0.00,0.00,0.00,Very Thick,,0.00,Faceted,None,None,EX,EX,NONE,,,,,,,,12.33,8.85,5.58,,Clarity grade is based on internal graining that is not shown.,,17/04/2025 12:00:00 AM,0.00,,True,None,46000.00000,0.00,,,,Yes,,,,M,,None,,,,,,,,,https://www.gia.edu/report-check?reportno=2235535851,R2NET_SEGOMA,INDIA,11601.65920,False,,1.393,,M
ADI-34-159C,PSB,I,VS2,IGI,689581078,,1.00000,1369.00000,-63.00000,INDIA,8.62x5.49x3.46,63.00,60.00,33.40,13.50,38.80,43.50,Very Thick,,0.00,Faceted,POINTED,,EX,EX,NONE,,,,,,,VERY GOOD,8.62,5.49,3.46,,,,17/03/2025 12:00:00 AM,,,True,None,3700.00000,0.00,,,,Yes,,,,M,,None,,,,,,,,,https://www.igi.org/verify.php?r=689581078,R2NET_SEGOMA,INDIA,1025.37000,False,,1.570,,M
ELSAR01A,RD,G,VS2,GIA,2514590760,,1.50000,4628.00000,-48.00000,INDIA,7.19-7.30x4.58,63.20,57.00,35.50,15.50,41.00,43.50,Slightly Thick,,4.00,Faceted,None,None,EX,Very Good,NONE,,,,,,,EX,7.30,7.19,4.58,,,"Crystal, Feather, Indented Natural, Needle, Pinpoint, Natural",10/03/2025 12:00:00 AM,50.00,,True,None,8900.00000,80.00,,,,Yes,,,,M,,None,,,,,,,,,https://www.gia.edu/report-check?reportno=2514590760,R2NET_SEGOMA,INDIA,0.00000,False,,1.015,,M
ADI-28-141G,PSB,F,SI1,GIA,6512708757,,1.50000,3744.00000,-48.00000,INDIA,10.51x6.37x3.77,59.10,49.00,0.00,0.00,0.00,0.00,ETK,,0.00,Faceted,None,None,Very Good,GD,NONE,,,,,,,,10.51,6.37,3.77,,"Clouds, pinpoints and surface graining are not shown.","Crystal, Twinning Wisp, Cavity, Feather, Indented Natural, Needle, Natural, Extra Facet",26/03/2025 12:00:00 AM,0.00,,True,None,7200.00000,0.00,,,,Yes,,,,A,,None,,,,,,,,,https://www.gia.edu/report-check?reportno=6512708757,,INDIA,4349.79333,False,,1.650,,A
ADI-34-159F,PSB,L,SI2,IGI,694510889,,7.04000,5500.00000,-50.00000,INDIA,16.26x10.49x6.64,63.30,62.00,39.00,16.00,39.50,43.00,MED to VTK,Medium,0.00,Faceted,POINTED,,EX,EX,NONE,,,,,,,VERY GOOD,16.26,10.49,6.64,,,,03/04/2025 12:00:00 AM,,,True,None,11000.00000,0.00,,,,No,,,,A,,None,,,,,,,,,https://www.igi.org/verify.php?r=694510889,,INDIA,856.26563,False,,1.550,,A
ADI-34-159X,PS,K,SI1,HRD,250000068375,,2.01000,2035.00000,-63.00000,INDIA,11.21x7.06x4.44,62.90,63.00,0.00,10.50,0.00,48.00,MED,Medium,4.50,Faceted,,Pointed,EX,EX,nil,,,,,,,,11.21,7.06,4.44,,The stone in accordance with the mentioned number has been identified as a natural gem diamond.,,31/03/2025 12:00:00 AM,0.00,,True,None,5500.00000,0.00,,,,Yes,,,,A,,None,,,,,,,,,"https://my.hrdantwerp.com/?id,34&record_number=250000068375",,INDIA,1020.27363,False,,1.588,,A
VISA361B,EM,I,VVS2,GIA,6237499889,,4.01000,12980.00000,-41.00000,INDIA,10.94x7.70x4.97,64.50,67.00,0.00,0.00,0.00,0.00,VTN to THK,Very Thin,0.00,Polished,None,None,EX,Very Good,NONE,,,,,,,,10.94,7.70,4.97,,Surface graining is not shown.,"Needle, Feather, Pinpoint, Natural",11/03/2025 12:00:00 AM,0.00,,True,None,22000.00000,0.00,,,,Yes,,,,M,,None,,,,,,,,,https://www.gia.edu/report-check?reportno=6237499889,R2NET_SEGOMA,INDIA,0.00000,False,,1.421,,M
DIN-120-76E,PSB,I,VVS1,GIA,2516732705,,1.50000,3900.00000,-48.00000,INDIA,9.85x6.28x4.00,63.70,58.00,0.00,0.00,0.00,0.00,Very Thick,,0.00,Faceted,None,None,EX,EX,NONE,,,,,,,,9.85,6.28,4.00,,Surface graining is not shown.,"Pinpoint, Feather",27/03/2025 12:00:00 AM,0.00,,True,MIX,7500.00000,0.00,,,,Yes,,,,M,,None,,,,,,,,,https://www.gia.edu/report-check?reportno=2516732705,R2NET_SEGOMA,INDIA,0.00000,False,,1.568,,M
ADI-30-144G,OVB,D,SI2,GIA,2517728028,,0.70000,1368.00000,-43.00000,INDIA,7.39x5.10x2.90,56.80,61.00,0.00,0.00,0.00,0.00,Slightly Thick,,0.00,Faceted,None,None,EX,Very Good,NONE,,,,,,,,7.39,5.10,2.90,,,Feather,31/03/2025 12:00:00 AM,0.00,,True,None,2400.00000,0.00,,,,Yes,,,,M,,None,,,,,,,,,https://www.gia.edu/report-check?reportno=2517728028,R2NET_SEGOMA,INDIA,12151.38571,False,,1.449,,M
ADI-34-159AG,PSB,L,SI2,GIA,2516829587,,3.02000,3658.00000,-41.00000,INDIA,13.15x8.26x4.72,57.20,60.00,0.00,0.00,0.00,0.00,Slightly Thick to Thick,,0.00,Faceted,None,None,EX,EX,NONE,,,,,,,,13.15,8.26,4.72,,Pinpoints are not shown.,"Feather, Crystal, Needle, Natural",09/04/2025 12:00:00 AM,0.00,,True,None,6200.00000,0.00,,,,Yes,,,,A,,None,,,,,,,,,https://www.gia.edu/report-check?reportno=2516829587,,INDIA,820.22848,False,,1.592,,A
ADI-34-159R,RD,K,VS2,HRD,250000070232,,5.01000,7140.00000,-58.00000,INDIA,10.93-10.96x6.75,61.70,58.00,36.00,15.50,40.60,43.00,MED,Medium,3.50,Faceted,,Pointed,EX,EX,nil,,,,,,,EX,10.96,10.93,6.75,,The stone in accordance with the mentioned number has been identified as a natural gem diamond.,,02/04/2025 12:00:00 AM,50.00,,True,None,17000.00000,75.00,,,,Yes,,,,A,,None,,,,,,,,,"https://my.hrdantwerp.com/?id,34&record_number=250000070232",,INDIA,994.24152,False,,1.003,,A
ADI-33-158B,OVB,D,SI1,GIA,7511728025,,0.50000,1144.00000,-48.00000,INDIA,6.52x4.42x2.58,58.30,61.00,0.00,0.00,0.00,0.00,MED to STK,Medium,0.00,Faceted,None,None,Very Good,GD,NONE,,,,,,,,6.52,4.42,2.58,,,Feather,27/03/2025 12:00:00 AM,0.00,,True,None,2200.00000,0.00,,,,Yes,,,,M,,None,,,,,,,,,https://www.gia.edu/report-check?reportno=7511728025,R2NET_SEGOMA,INDIA,10393.92000,False,,1.475,,M
ADI-29-143A,RAD,D,VS2,GIA,7512723884,,3.02000,15390.00000,-43.00000,INDIA,9.82x7.29x4.93,67.60,65.00,0.00,0.00,0.00,0.00,Slightly Thick to Thick,,0.00,Polished,None,None,EX,Very Good,NONE,,,,,,,,9.82,7.29,4.93,,Clouds are not shown. Additional pinpoints are not shown.,"Feather, Crystal, Needle, Pinpoint",28/03/2025 12:00:00 AM,0.00,,True,None,27000.00000,0.00,,,,Yes,,,,M,,None,,,,,,,,,https://www.gia.edu/report-check?reportno=7512723884,R2NET_SEGOMA,INDIA,10631.96358,False,,1.347,,M
ADI-34-159AH,RD,H,SI1,IGI,691576655,,1.01000,1848.00000,-58.00000,INDIA,6.36-6.40x3.99,62.50,57.00,35.50,15.50,40.80,43.00,MED to THK,Medium,0.00,Faceted,POINTED,,EX,EX,NONE,,,,,,,EX,6.40,6.36,3.99,,IDEAL CUT ROUND BRILLIANT,,27/03/2025 12:00:00 AM,,,True,None,4400.00000,0.00,,,,Yes,,,,A,,None,,,,,,,,,https://www.igi.org/verify.php?r=691576655,,INDIA,1084.68317,False,,1.006,,A
ADI-30-144D,HTB,D,SI1,GIA,1513764592,,0.50000,1254.00000,-43.00000,INDIA,4.86x5.44x3.23,59.40,54.00,0.00,0.00,0.00,0.00,MED to STK,Medium,0.00,Faceted,None,None,EX,EX,NONE,,,,,,,,4.86,5.44,3.23,,,Crystal,03/04/2025 12:00:00 AM,0.00,,True,None,2200.00000,0.00,,,,Yes,,,,M,,None,,,,,,,,,https://www.gia.edu/report-check?reportno=1513764592,R2NET_SEGOMA,INDIA,11821.86000,False,,0.893,,M
ADI-34-159AD,RD,I,SI2,GIA,1513761465,,0.70000,936.00000,-48.00000,INDIA,5.67-5.71x3.53,62.00,59.00,32.50,13.50,41.80,44.50,Slightly Thick,,4.50,Faceted,None,None,EX,EX,NONE,,,,,,,EX,5.71,5.67,3.53,,,"Crystal, Feather",31/03/2025 12:00:00 AM,50.00,,True,None,1800.00000,80.00,,,,Yes,,,,M,,None,,,,,,,,,https://www.gia.edu/report-check?reportno=1513761465,R2NET_SEGOMA,INDIA,925.14286,False,,1.007,,M
ADI-34-159T,EM,J,IF,IGI,694510890,,1.70000,2560.00000,-60.00000,INDIA,8.27x5.51x3.78,68.60,65.00,36.50,14.50,42.50,50.00,Slightly Thick,,0.00,,LONG,,EX,EX,NONE,,,,,,,VERY GOOD,8.27,5.51,3.78,,,,07/04/2025 12:00:00 AM,,,True,None,6400.00000,0.00,,,,Yes,,,,M,,None,,,,,,,,,https://www.igi.org/verify.php?r=694510890,R2NET_SEGOMA,INDIA,984.10588,False,,1.501,,M
ADI-34-159W,HTB,I,VS2,IGI,694590330,,1.04000,1566.95000,-57.65000,INDIA,6.25x6.93x4.13,59.60,59.00,35.80,13.50,40.50,41.00,Slightly Thick to Thick,,0.00,Faceted,POINTED,,EX,EX,NONE,,,,,,,VERY GOOD,6.25,6.93,4.13,,,,11/04/2025 12:00:00 AM,,,True,None,3700.00000,0.00,,,,Yes,,,,M,,None,,,,,,,,,https://www.igi.org/verify.php?r=694590330,R2NET_SEGOMA,INDIA,892.52885,False,,0.902,,M
VISA358E,RD,F,SI1,GIA,6511477262,,0.91000,2106.00000,-46.00000,INDIA,6.17-6.20x3.83,61.90,58.00,35.00,15.00,40.80,43.00,MED to THK,Medium,4.00,Faceted,None,None,EX,EX,NONE,,,,,,,EX,6.20,6.17,3.83,,,"Crystal, Feather, Cloud",21/02/2025 12:00:00 AM,50.00,,True,None,3900.00000,80.00,,,,Yes,,,,M,,None,,,,,,,,,https://www.gia.edu/report-check?reportno=6511477262,R2NET_SEGOMA,INDIA,0.00000,False,,1.005,,M
VISA358B,HT,H,VS2,HRD,250000048220,,7.02000,15000.00000,-50.00000,INDIA,11.43x13.38x7.81,58.40,59.00,0.00,13.00,0.00,40.50,MED,Medium,4.50,Faceted,,Pointed,EX,EX,nil,,,,,,,,11.43,13.38,7.81,,The stone in accordance with the mentioned number has been identified as a natural gem diamond.,,03/03/2025 12:00:00 AM,0.00,,False,None,30000.00000,0.00,,,,Yes,,,,M,,None,,,,,,,,,"https://my.hrdantwerp.com/?id,34&record_number=250000048220",,INDIA,0.00000,False,,0.854,,M
VISA359D,PSB,G,VS2,GIA,1517835541,,0.56000,1134.00000,-46.00000,INDIA,7.31x4.58x2.72,59.50,61.00,0.00,0.00,0.00,0.00,Medium to Very Thick,Medium,0.00,Faceted,None,None,EX,Very Good,FAINT,,,,,,,,7.31,4.58,2.72,,,"Crystal, Needle",09/04/2025 12:00:00 AM,0.00,,True,None,2100.00000,0.00,,,,Yes,,,,M,,None,,,,,,,,,https://www.gia.edu/report-check?reportno=1517835541,,INDIA,0.00000,False,,1.596,,M
DIN-122-80B,PSB,D,VS2,GIA,6511859421,,1.00000,3192.00000,-44.00000,INDIA,8.96x5.55x3.39,61.00,61.00,0.00,0.00,0.00,0.00,Slightly Thick,,0.00,Faceted,None,None,EX,Very Good,NONE,,,,,,,,8.96,5.55,3.39,,"Additional clouds, pinpoints and surface graining are not shown.","Cloud, Feather, Crystal, Knot, Needle",10/04/2025 12:00:00 AM,0.00,,True,None,5700.00000,0.00,,,,Yes,,,,M,,NONE,,,,,,,,,https://www.gia.edu/report-check?reportno=6511859421,R2NET_SEGOMA,INDIA,0.00000,False,,1.614,,M
ADI-34-159,HTB,L,VS2,IGI,694590332,,7.03000,6312.50000,-49.50000,INDIA,11.16x13.16x8.02,60.90,60.00,38.10,13.00,42.20,43.00,Very Thick,,0.00,Faceted,POINTED,,EX,EX,NONE,,,,,,,VERY GOOD,11.16,13.16,8.02,,,,09/04/2025 12:00:00 AM,,,True,None,12500.00000,0.00,,,,Yes,,,,A,,None,,,,,,,,,https://www.igi.org/verify.php?r=694590332,,INDIA,990.29018,False,,0.848,,A
ADI-34-159AC,MQ,J,VS1,GIA,5513862248,,0.80000,1512.00000,-28.00000,INDIA,10.29x4.62x2.84,61.50,63.00,0.00,0.00,0.00,0.00,ETK,,0.00,Faceted,None,None,EX,Very Good,NONE,,,,,,,,10.29,4.62,2.84,,,"Feather, Indented Natural, Pinpoint",11/04/2025 12:00:00 AM,0.00,,True,None,2100.00000,0.00,,,,Yes,,,,M,,None,,,,,,,,,https://www.gia.edu/report-check?reportno=5513862248,R2NET_SEGOMA,INDIA,998.38750,False,,2.227,,M
ADI-34-159AF,PSB,I,VS2,GIA,5516862597,,0.50000,1020.00000,-40.00000,INDIA,7.31x4.34x2.62,60.40,62.00,0.00,0.00,0.00,0.00,Slightly Thick,,0.00,Faceted,None,None,EX,Very Good,NONE,,,,,,,,7.31,4.34,2.62,,,Feather,11/04/2025 12:00:00 AM,0.00,,True,None,1700.00000,0.00,,,,Yes,,,,M,,None,,,,,,,,,https://www.gia.edu/report-check?reportno=5516862597,R2NET_SEGOMA,INDIA,982.20000,False,,1.684,,M
ADI-34-159AI,PSB,J,I1,GIA,1519859370,,1.00000,931.00000,-51.00000,INDIA,8.90x5.66x3.29,58.00,56.00,0.00,0.00,0.00,0.00,Slightly Thick,,0.00,Faceted,None,None,EX,Very Good,NONE,,,,,,,,8.90,5.66,3.29,,Additional clouds are not shown. Pinpoints are not shown.,"Feather, Cloud, Crystal, Natural",10/04/2025 12:00:00 AM,0.00,,True,None,1900.00000,0.00,,,,Yes,,,,M,,None,,,,,,,,,https://www.gia.edu/report-check?reportno=1519859370,R2NET_SEGOMA,INDIA,1036.17000,False,,1.572,,M
ADI-34-159G,PS,L,SI2,IGI,694590333,,10.17000,7370.00000,-47.35714,INDIA,19.14x11.97x7.37,61.60,59.00,37.10,16.00,38.80,41.00,MED to VTK,Medium,0.00,Faceted,POINTED,,EX,EX,NONE,,,,,,,VERY GOOD,19.14,11.97,7.37,,,,09/04/2025 12:00:00 AM,,,True,None,14000.00000,0.00,,,,No,,,,A,,None,,,,,,,,,https://www.igi.org/verify.php?r=694590333,,INDIA,1066.60472,False,,1.599,,A
ADI-34-159O,PSB,I,SI1,IGI,694590334,,3.01000,6300.00000,-55.00000,INDIA,12.93x8.11x4.67,57.60,61.00,36.30,14.50,36.50,38.00,Slightly Thick,,0.00,Faceted,POINTED,,EX,EX,NONE,,,,,,,VERY GOOD,12.93,8.11,4.67,,,,09/04/2025 12:00:00 AM,,,True,None,14000.00000,0.00,,,,Yes,,,,A,,None,,,,,,,,,https://www.igi.org/verify.php?r=694590334,,INDIA,1133.12625,False,,1.594,,A
ADI-34-159S,PSB,J,VVS2,IGI,694590335,,2.67000,4050.00000,-50.00000,INDIA,12.62x7.67x4.75,61.90,61.00,36.60,14.50,39.70,43.00,MED to THK,Medium,0.00,Faceted,POINTED,,EX,EX,NONE,,,,,,,VERY GOOD,12.62,7.67,4.75,,,,11/04/2025 12:00:00 AM,,,True,None,8100.00000,0.00,,,,Yes,,,,A,,NONE,,,,,,,,,https://www.igi.org/verify.php?r=694590335,,INDIA,952.00375,False,,1.645,,A
ADI-34-159Y,PSB,J,VS1,GIA,6512862102,,0.50000,944.00000,-41.00000,INDIA,7.36x4.44x2.41,54.40,60.00,0.00,0.00,0.00,0.00,ETK,,0.00,Faceted,None,None,EX,EX,NONE,,,,,,,,7.36,4.44,2.41,,,"Crystal, Feather, Pinpoint",11/04/2025 12:00:00 AM,0.00,,True,None,1600.00000,0.00,,,,Yes,,,,M,,None,,,,,,,,,https://www.gia.edu/report-check?reportno=6512862102,R2NET_SEGOMA,INDIA,1068.54000,False,,1.658,,M
ADI-34-159Z,PSB,I,VS2,GIA,6511867431,,0.57000,1020.00000,-40.00000,INDIA,7.72x4.58x2.59,56.50,58.00,0.00,0.00,0.00,0.00,Very Thick,,0.00,Faceted,None,None,EX,Very Good,NONE,,,,,,,,7.72,4.58,2.59,,,"Feather, Crystal",11/04/2025 12:00:00 AM,0.00,,True,None,1700.00000,0.00,,,,Yes,,,,M,,None,,,,,,,,,https://www.gia.edu/report-check?reportno=6511867431,R2NET_SEGOMA,INDIA,1060.40351,False,,1.686,,M
ADI-35-160B,OVB,D,SI1,GIA,7511867397,,1.01000,2806.00000,-39.00000,INDIA,8.42x5.56x3.22,57.90,55.00,0.00,0.00,0.00,0.00,Very Thick,,0.00,Faceted,None,None,EX,Very Good,NONE,,,,,,,,8.42,5.56,3.22,,"Additional clouds, pinpoints and internal graining are not shown.","Cloud, Crystal, Feather, Needle",14/04/2025 12:00:00 AM,0.00,,True,None,4600.00000,0.00,,,,Yes,,,,A,,NONE,,,,,,,,,https://www.gia.edu/report-check?reportno=7511867397,,INDIA,7371.52475,False,,1.514,,A
DIN-101-2B,EM,L,VVS2,IGI,606337774,,8.08000,7020.00000,-48.00000,INDIA,14.21x9.43x6.33,67.10,68.00,28.10,10.50,44.50,54.00,MED,Medium,0.00,,LONG,,EX,EX,NONE,,,,,,,VERY GOOD,14.21,9.43,6.33,,,,07/11/2023 12:00:00 AM,,,True,None,13500.00000,0.00,,,,Yes,,,,A,,None,,,,,,,,,https://www.igi.org/verify.php?r=606337774,,INDIA,0.00000,False,,1.507,,A
SP-001,EM,E,VVS1,GIA,7513250493,,1.09000,3525.00000,-53.00000,INDIA,7.00x5.04x3.21,63.60,70.00,0.00,0.00,0.00,0.00,MED to THK,Medium,0.00,Polished,None,None,Very Good,Very Good,NONE,,,,,,,,7.00,5.04,3.21,,Internal graining is not shown.,"Pinpoint, Feather",22/01/2025 12:00:00 AM,0.00,,True,,7500.00000,0.00,,,,Yes,,,,A,,None,,,,,,,,,https://www.gia.edu/report-check?reportno=7513250493,,INDIA,0.00000,False,,1.389,,A
SP-002,EM,H,IF,GIA,6472218108,,1.20000,3080.00000,-45.00000,INDIA,6.91x5.02x3.45,68.80,65.00,0.00,0.00,0.00,0.00,Very Thick,,0.00,Polished,None,None,EX,Very Good,NONE,,,,,,,,6.91,5.02,3.45,,Minor details of polish are not shown.,,28/07/2023 12:00:00 AM,0.00,,True,None,5600.00000,0.00,,,,Yes,,,,A,,None,,,,,,,,,https://www.gia.edu/report-check?reportno=6472218108,,INDIA,0.00000,False,,1.376,,A
SP-003,EM,H,VVS1,GIA,3475781608,,1.20000,2964.00000,-43.00000,INDIA,7.00x5.08x3.48,68.50,65.00,0.00,0.00,0.00,0.00,Slightly Thick to Thick,,0.00,Polished,None,None,EX,EX,NONE,,,,,,,,7.00,5.08,3.48,,Internal graining is not shown.,"Pinpoint, Feather",12/10/2023 12:00:00 AM,0.00,,True,None,5200.00000,0.00,,,,Yes,,,,A,,None,,,,,,,,,https://www.gia.edu/report-check?reportno=3475781608,,INDIA,0.00000,False,,1.378,,A
SP-004,EM,G,VVS1,GIA,1508448712,,1.16000,3100.00000,-50.00000,INDIA,7.16x5.19x3.40,65.50,66.00,0.00,0.00,0.00,0.00,Thin to Slightly Thick,Thin,0.00,Polished,None,None,EX,Very Good,NONE,,,,,,,,7.16,5.19,3.40,,,"Pinpoint, Cloud",23/09/2024 12:00:00 AM,0.00,,True,None,6200.00000,0.00,,,,Yes,,,,A,,None,,,,,,,,,https://www.gia.edu/report-check?reportno=1508448712,,INDIA,0.00000,False,,1.380,,A
SP-005,EM,H,VVS1,GIA,2235053865,,1.18000,2808.00000,-46.00000,INDIA,7.54x4.92x3.32,67.50,68.00,0.00,0.00,0.00,0.00,MED to THK,Medium,0.00,Polished,None,None,EX,EX,NONE,,,,,,,,7.54,4.92,3.32,,,"Pinpoint, Feather",23/08/2023 12:00:00 AM,0.00,,True,None,5200.00000,0.00,,,,Yes,,,,A,,None,,,,,,,,,https://www.gia.edu/report-check?reportno=2235053865,,INDIA,0.00000,False,,1.533,,A
SP-006,EM,G,IF,GIA,1498552000,,1.12000,3307.26000,-49.89000,INDIA,6.95x4.94x3.29,66.70,65.00,0.00,0.00,0.00,0.00,Very Thick,,0.00,Polished,None,None,EX,EX,NONE,,,,,,,,6.95,4.94,3.29,,Minor details of polish are not shown.,,05/06/2024 12:00:00 AM,0.00,,True,None,6600.00000,0.00,,,,Yes,,,,A,,None,,,,,,,,,https://www.gia.edu/report-check?reportno=1498552000,,INDIA,0.00000,False,,1.407,,A
SP-007,EM,H,IF,GIA,7421585789,,1.20000,2688.00000,-52.00000,INDIA,6.90x5.01x3.47,69.30,60.00,0.00,0.00,0.00,0.00,ETK,,0.00,,None,None,EX,EX,FAINT,,,,,,,,6.90,5.01,3.47,,Minor details of polish are not shown.,,10/03/2022 12:00:00 AM,0.00,,True,None,5600.00000,0.00,,,,Yes,,,,A,,None,,,,,,,,,https://www.gia.edu/report-check?reportno=7421585789,,INDIA,0.00000,False,,1.377,,A
SP-008,EM,E,VVS1,GIA,2514219780,,1.19000,3300.00000,-56.00000,INDIA,7.25x5.04x3.35,66.40,67.00,0.00,0.00,0.00,0.00,Slightly Thick to Thick,,0.00,Polished,None,None,EX,Very Good,FAINT,,,,,,,,7.25,5.04,3.35,,Internal graining is not shown.,Pinpoint,17/01/2025 12:00:00 AM,0.00,,True,,7500.00000,0.00,,,,Yes,,,,A,,None,,,,,,,,,https://www.gia.edu/report-check?reportno=2514219780,,INDIA,0.00000,False,,1.438,,A
SP-009,EM,H,VVS1,GIA,2518378042,,1.08000,2640.04000,-49.23000,INDIA,7.00x4.83x3.27,67.60,63.00,0.00,0.00,0.00,0.00,Slightly Thick,,0.00,Polished,None,None,EX,EX,NONE,,,,,,,,7.00,4.83,3.27,,,Pinpoint,07/02/2025 12:00:00 AM,0.00,,True,None,5200.00000,0.00,,,,Yes,,,,A,,None,,,,,,,,,https://www.gia.edu/report-check?reportno=2518378042,,INDIA,0.00000,False,,1.449,,A
SP-010,EM,H,VVS1,GIA,1427163090,,1.09000,2652.00000,-49.00000,INDIA,7.24x4.83x3.20,66.30,65.00,0.00,0.00,0.00,0.00,Thin to Medium,Thin,0.00,,None,None,EX,EX,NONE,,,,,,,,7.24,4.83,3.20,,,Feather,01/02/2022 12:00:00 AM,0.00,,True,None,5200.00000,0.00,,,,Yes,,,,M,,None,,,,,,,,,https://www.gia.edu/report-check?reportno=1427163090,R2NET_SEGOMA,INDIA,0.00000,False,,1.499,,M
